2199023255808|6597069766877|1627020616747|1669690342640
2199023255700|426|1627020616747|1669690342640
26388279066625|13194139533380|1627020616747|1669690342640
668|8796093022416|1627020616747|1669690342640
10995116278101|10995116278493|1627020616747|1669690342640
4398046511409|24189255811543|1627020616747|1669690342640
21990232555962|15393162789365|1627020616747|1669690342640
13194139533649|24189255811533|1627020616747|1669690342640
21990232555744|2199023256248|1627020616747|1669690342640
28587302322689|6597069766847|1627020616747|1669690342640
10995116278165|21990232555772|1627020616747|1669690342640
50|2199023256228|1627020616747|1669690342640
785|17592186044418|1627020616747|1669690342640
8796093022693|19791209300630|1627020616747|1669690342640
307|636|1627020616747|1669690342640
21990232556126|17592186044622|1627020616747|1669690342640
785|19791209300478|1627020616747|1669690342640
8796093022940|107|1627020616747|1669690342640
125|24189255811770|1627020616747|1669690342640
10995116277834|28587302322936|1627020616747|1669690342640
15393162789154|15393162789420|1627020616747|1669690342640
24189255811177|24189255811609|1627020616747|1669690342640
17592186044635|2199023256301|1627020616747|1669690342640
4398046511258|2199023256322|1627020616747|1669690342640
19791209300495|19791209300533|1627020616747|1669690342640
13194139534013|17592186044882|1627020616747|1669690342640
10995116277974|15393162789157|1627020616747|1669690342640
10995116278493|17592186044418|1627020616747|1669690342640
19791209300551|19791209300163|1627020616747|1669690342640
8796093022526|24189255811256|1627020616747|1669690342640
8796093022574|28587302322710|1627020616747|1669690342640
4398046511407|19791209300324|1627020616747|1669690342640
26388279067086|19791209300300|1627020616747|1669690342640
17592186044615|15393162789164|1627020616747|1669690342640
6597069767243|2199023255866|1627020616747|1669690342640
6597069767219|13194139533696|1627020616747|1669690342640
24189255811576|2199023255634|1627020616747|1669690342640
107|28587302322731|1627020616747|1669690342640
2199023256011|28587302322592|1627020616747|1669690342640
17592186044516|28587302322592|1627020616747|1669690342640
28587302322878|646|1627020616747|1669690342640
6597069766822|21990232555584|1627020616747|1669690342640
8796093022526|2199023255955|1627020616747|1669690342640
13194139533762|307|1627020616747|1669690342640
6597069767315|2199023256133|1627020616747|1669690342640
24189255811803|675|1627020616747|1669690342640
2199023256185|15393162788939|1627020616747|1669690342640
17592186044592|10995116277850|1627020616747|1669690342640
28587302322459|4398046511731|1627020616747|1669690342640
15393162789511|19791209300533|1627020616747|1669690342640
6597069766822|8796093022416|1627020616747|1669690342640
6597069767450|4398046511588|1627020616747|1669690342640
17592186044455|13194139533845|1627020616747|1669690342640
15393162789200|755|1627020616747|1669690342640
10995116278493|17592186044959|1627020616747|1669690342640
2199023256128|13194139533863|1627020616747|1669690342640
4398046511504|26388279066851|1627020616747|1669690342640
13194139533907|26388279067033|1627020616747|1669690342640
2199023256210|4398046511553|1627020616747|1669690342640
17592186044635|15393162789579|1627020616747|1669690342640
19791209300657|19791209300379|1627020616747|1669690342640
17592186045140|28587302322800|1627020616747|1669690342640
10995116278072|2199023255992|1627020616747|1669690342640
26388279066933|6597069766710|1627020616747|1669690342640
15393162789144|2199023255805|1627020616747|1669690342640
4398046511731|24189255811721|1627020616747|1669690342640
24189255811749|2199023256119|1627020616747|1669690342640
6597069766951|13194139533780|1627020616747|1669690342640
24189255811609|4398046511724|1627020616747|1669690342640
6597069766809|28587302322700|1627020616747|1669690342640
10995116277854|19791209300327|1627020616747|1669690342640
19791209300707|4398046511838|1627020616747|1669690342640
21990232555566|8796093022585|1627020616747|1669690342640
8796093022388|15393162789144|1627020616747|1669690342640
24189255811394|21990232555743|1627020616747|1669690342640
24189255811368|17592186045024|1627020616747|1669690342640
2199023256128|4398046511588|1627020616747|1669690342640
6597069767393|24189255811665|1627020616747|1669690342640
8796093022479|15393162789372|1627020616747|1669690342640
24189255811588|93|1627020616747|1669690342640
15393162789563|24189255811482|1627020616747|1669690342640
642|26388279067041|1627020616747|1669690342640
13194139533489|6597069766822|1627020616747|1669690342640
6597069766951|15393162789262|1627020616747|1669690342640
41|19791209300691|1627020616747|1669690342640
8796093022370|28587302322722|1627020616747|1669690342640
26388279066767|10995116278290|1627020616747|1669690342640
2199023255607|19791209300726|1627020616747|1669690342640
17592186044823|19791209300432|1627020616747|1669690342640
10995116278363|28587302322292|1627020616747|1669690342640
648|6597069766903|1627020616747|1669690342640
775|21990232555826|1627020616747|1669690342640
4398046511890|19791209300226|1627020616747|1669690342640
28587302322284|21990232556302|1627020616747|1669690342640
642|4398046511553|1627020616747|1669690342640
507|19791209300660|1627020616747|1669690342640
2199023255992|26388279067233|1627020616747|1669690342640
8796093022309|17592186045178|1627020616747|1669690342640
13194139533696|6597069767043|1627020616747|1669690342640
8796093022417|13194139534017|1627020616747|1669690342640
10995116277833|21990232556146|1627020616747|1669690342640
19791209300508|21990232556061|1627020616747|1669690342640
24189255811204|28587302322496|1627020616747|1669690342640
26388279066716|13194139533594|1627020616747|1669690342640
8796093022702|4398046511316|1627020616747|1669690342640
4398046511308|10995116277848|1627020616747|1669690342640
8796093022346|28587302322737|1627020616747|1669690342640
6597069767393|13194139533475|1627020616747|1669690342640
15393162789629|4398046511240|1627020616747|1669690342640
24189255811214|6597069767315|1627020616747|1669690342640
24189255811261|24189255811568|1627020616747|1669690342640
10995116278106|6597069767069|1627020616747|1669690342640
21990232555772|28587302322247|1627020616747|1669690342640
310|4398046511724|1627020616747|1669690342640
354|507|1627020616747|1669690342640
24189255811695|4398046511393|1627020616747|1669690342640
24189255811445|6597069766852|1627020616747|1669690342640
28587302322245|6597069766852|1627020616747|1669690342640
26388279067086|646|1627020616747|1669690342640
17592186044635|6597069766775|1627020616747|1669690342640
17592186044486|26388279067181|1627020616747|1669690342640
26388279067160|8796093022896|1627020616747|1669690342640
8796093022481|13194139533768|1627020616747|1669690342640
21990232555635|13194139533486|1627020616747|1669690342640
28587302322936|15393162789154|1627020616747|1669690342640
8796093022481|10995116278549|1627020616747|1669690342640
433|17592186045024|1627020616747|1669690342640
13194139534015|10995116277827|1627020616747|1669690342640
28587302322457|28587302322284|1627020616747|1669690342640
41|17592186044516|1627020616747|1669690342640
107|431|1627020616747|1669690342640
19791209300660|24189255811565|1627020616747|1669690342640
15393162789420|24189255811568|1627020616747|1669690342640
6597069766721|19791209300572|1627020616747|1669690342640
26388279067387|8796093022702|1627020616747|1669690342640
4398046511622|15393162789164|1627020616747|1669690342640
433|15393162789477|1627020616747|1669690342640
10995116278112|26388279067423|1627020616747|1669690342640
26388279066852|2199023255700|1627020616747|1669690342640
21990232556070|28587302322302|1627020616747|1669690342640
6597069766679|26388279067041|1627020616747|1669690342640
6597069767337|2199023255765|1627020616747|1669690342640
41|10995116278290|1627020616747|1669690342640
10995116277978|4398046511749|1627020616747|1669690342640
17592186044635|2199023256030|1627020616747|1669690342640
24189255811395|13194139533426|1627020616747|1669690342640
28587302322247|2199023255607|1627020616747|1669690342640
6597069766803|2199023255992|1627020616747|1669690342640
13194139533350|2199023256258|1627020616747|1669690342640
107|24189255811305|1627020616747|1669690342640
15393162789392|28587302322889|1627020616747|1669690342640
4398046511274|10995116277958|1627020616747|1669690342640
769|13194139533542|1627020616747|1669690342640
15393162788890|13194139533445|1627020616747|1669690342640
44|2199023256249|1627020616747|1669690342640
4398046511111|10995116277833|1627020616747|1669690342640
535|13194139533947|1627020616747|1669690342640
24189255811770|4398046511120|1627020616747|1669690342640
2199023255682|21990232555796|1627020616747|1669690342640
6597069767198|10995116278072|1627020616747|1669690342640
6597069767294|19791209300522|1627020616747|1669690342640
21990232556020|24189255811812|1627020616747|1669690342640
4398046511722|21990232555959|1627020616747|1669690342640
21990232555772|13194139533350|1627020616747|1669690342640
15393162789615|21990232555831|1627020616747|1669690342640
15393162789283|15393162789021|1627020616747|1669690342640
2199023255783|17592186044598|1627020616747|1669690342640
21990232555831|15393162788925|1627020616747|1669690342640
684|2199023255803|1627020616747|1669690342640
26388279066627|17592186044592|1627020616747|1669690342640
10995116278271|8796093022752|1627020616747|1669690342640
10995116277957|264|1627020616747|1669690342640
30786325578421|2199023256309|1627020616747|1669690342640
2199023255879|15393162789643|1627020616747|1669690342640
24189255811305|19791209300630|1627020616747|1669690342640
15393162789420|19791209300537|1627020616747|1669690342640
28587302322489|28587302322691|1627020616747|1669690342640
4398046511663|13194139533768|1627020616747|1669690342640
6597069767315|8796093022734|1627020616747|1669690342640
24189255811686|6597069766895|1627020616747|1669690342640
26388279067041|13194139534013|1627020616747|1669690342640
8796093022401|6597069766773|1627020616747|1669690342640
28587302322515|2199023255836|1627020616747|1669690342640
21990232555657|21990232555566|1627020616747|1669690342640
4398046511518|28587302322347|1627020616747|1669690342640
19791209300238|19791209300163|1627020616747|1669690342640
6597069767234|8796093022710|1627020616747|1669690342640
15393162789021|729|1627020616747|1669690342640
2199023256040|2199023255682|1627020616747|1669690342640
10995116277884|28587302322731|1627020616747|1669690342640
21990232555607|15393162789296|1627020616747|1669690342640
2199023255900|19791209300696|1627020616747|1669690342640
28587302322181|13194139533860|1627020616747|1669690342640
13194139533558|580|1627020616747|1669690342640
21990232556135|28587302322663|1627020616747|1669690342640
15393162788925|2199023256030|1627020616747|1669690342640
4398046511393|28587302322515|1627020616747|1669690342640
8796093022214|26388279066681|1627020616747|1669690342640
21990232556020|17592186044575|1627020616747|1669690342640
6597069766803|8796093022559|1627020616747|1669690342640
21990232556146|26388279067115|1627020616747|1669690342640
24189255811412|28587302322196|1627020616747|1669690342640
21990232555887|26388279067010|1627020616747|1669690342640
21990232555841|26388279067075|1627020616747|1669690342640
13194139533398|26388279066752|1627020616747|1669690342640
2199023256212|15393162788890|1627020616747|1669690342640
10995116278168|10995116278101|1627020616747|1669690342640
24189255811749|28587302322536|1627020616747|1669690342640
15393162789344|349|1627020616747|1669690342640
26388279066730|19791209300685|1627020616747|1669690342640
15393162789183|21990232556302|1627020616747|1669690342640
28587302322936|601|1627020616747|1669690342640
28587302322685|21990232555685|1627020616747|1669690342640
8796093022352|30|1627020616747|1669690342640
6597069766773|10995116278510|1627020616747|1669690342640
21990232555772|21990232555841|1627020616747|1669690342640
15393162788943|26388279066896|1627020616747|1669690342640
15393162789563|4398046511722|1627020616747|1669690342640
24189255811588|28587302322445|1627020616747|1669690342640
28587302322578|4398046511890|1627020616747|1669690342640
2199023256209|17592186044500|1627020616747|1669690342640
13194139533765|26388279067115|1627020616747|1669690342640
19791209300020|26388279067387|1627020616747|1669690342640
28587302322459|4398046511120|1627020616747|1669690342640
15393162789098|743|1627020616747|1669690342640
17592186044583|10995116278292|1627020616747|1669690342640
6597069766822|15393162789296|1627020616747|1669690342640
743|21990232555890|1627020616747|1669690342640
19791209300413|6597069767130|1627020616747|1669690342640
2199023255634|2199023256011|1627020616747|1669690342640
6597069766839|28587302322451|1627020616747|1669690342640
4398046511457|8796093022698|1627020616747|1669690342640
13194139533556|2199023255866|1627020616747|1669690342640
6597069767428|15393162788890|1627020616747|1669690342640
8796093022388|15393162789600|1627020616747|1669690342640
2199023256266|24189255811256|1627020616747|1669690342640
15393162789436|24189255811368|1627020616747|1669690342640
26388279066981|17592186044852|1627020616747|1669690342640
21990232555822|2199023256119|1627020616747|1669690342640
21990232556020|8796093022479|1627020616747|1669690342640
4398046511663|13194139533350|1627020616747|1669690342640
13194139533445|743|1627020616747|1669690342640
13194139533780|21990232555539|1627020616747|1669690342640
2199023256210|2199023255992|1627020616747|1669690342640
28587302322425|26388279067233|1627020616747|1669690342640
24189255811568|15393162789098|1627020616747|1669690342640
640|24189255811388|1627020616747|1669690342640
17592186044622|24189255811183|1627020616747|1669690342640
4398046511741|10995116278101|1627020616747|1669690342640
775|4398046511274|1627020616747|1669690342640
264|21990232556018|1627020616747|1669690342640
17592186044488|535|1627020616747|1669690342640
4398046511104|6597069767391|1627020616747|1669690342640
24189255811204|15393162789261|1627020616747|1669690342640
6597069766941|28587302322181|1627020616747|1669690342640
28587302322203|4398046511725|1627020616747|1669690342640
24189255811723|13194139533676|1627020616747|1669690342640
535|17592186044714|1627020616747|1669690342640
15393162788890|17592186044812|1627020616747|1669690342640
10995116278363|19791209300533|1627020616747|1669690342640
19791209300238|433|1627020616747|1669690342640
28587302322889|19791209300634|1627020616747|1669690342640
21990232555647|4398046511878|1627020616747|1669690342640
17592186044455|10995116278204|1627020616747|1669690342640
4398046511104|21990232555555|1627020616747|1669690342640
19791209300194|28587302322819|1627020616747|1669690342640
17592186044694|2199023255560|1627020616747|1669690342640
21990232555623|26388279067387|1627020616747|1669690342640
8796093022417|28587302322459|1627020616747|1669690342640
13194139533361|21990232556302|1627020616747|1669690342640
4398046511733|24189255811543|1627020616747|1669690342640
6597069766895|307|1627020616747|1669690342640
17592186044935|10995116278230|1627020616747|1669690342640
15393162789477|8796093022700|1627020616747|1669690342640
19791209300478|21990232555623|1627020616747|1669690342640
349|19791209300685|1627020616747|1669690342640
6597069766852|28587302322536|1627020616747|1669690342640
24189255811388|26388279066759|1627020616747|1669690342640
8796093022370|28587302322863|1627020616747|1669690342640
2199023256210|477|1627020616747|1669690342640
51|6597069767043|1627020616747|1669690342640
13194139533468|15393162789129|1627020616747|1669690342640
6597069766753|6597069766773|1627020616747|1669690342640
24189255811588|10995116278165|1627020616747|1669690342640
26388279066700|15393162789580|1627020616747|1669690342640
642|125|1627020616747|1669690342640
8796093022346|28587302322878|1627020616747|1669690342640
24189255811333|21990232555698|1627020616747|1669690342640
21990232555822|6597069767130|1627020616747|1669690342640
17592186044664|2199023255585|1627020616747|1669690342640
17592186044882|24189255811170|1627020616747|1669690342640
13194139533481|675|1627020616747|1669690342640
13194139533426|26388279066981|1627020616747|1669690342640
10995116277850|17592186044500|1627020616747|1669690342640
6597069766721|10995116277833|1627020616747|1669690342640
26388279067009|19791209300175|1627020616747|1669690342640
8796093022495|19791209300528|1627020616747|1669690342640
41|4398046511412|1627020616747|1669690342640
17592186044714|4398046511226|1627020616747|1669690342640
15393162789344|4398046511412|1627020616747|1669690342640
580|24189255811721|1627020616747|1669690342640
17592186044418|26388279067009|1627020616747|1669690342640
4398046511741|6597069767360|1627020616747|1669690342640
26388279066958|6597069766941|1627020616747|1669690342640
13194139533553|26388279066752|1627020616747|1669690342640
684|2199023255765|1627020616747|1669690342640
6597069766722|4398046511409|1627020616747|1669690342640
8796093022585|28587302322855|1627020616747|1669690342640
4398046511696|15393162789480|1627020616747|1669690342640
28587302322489|6597069767178|1627020616747|1669690342640
21990232555887|4398046511703|1627020616747|1669690342640
26388279067078|15393162789107|1627020616747|1669690342640
6597069767003|19791209300285|1627020616747|1669690342640
17592186044817|6597069766923|1627020616747|1669690342640
24189255811083|21990232556018|1627020616747|1669690342640
19791209300008|13194139533348|1627020616747|1669690342640
8796093022387|13194139533750|1627020616747|1669690342640
24189255811621|10995116278346|1627020616747|1669690342640
24189255811388|21990232555900|1627020616747|1669690342640
2199023255560|24189255811482|1627020616747|1669690342640
15393162789283|8796093022752|1627020616747|1669690342640
2199023255805|2199023255900|1627020616747|1669690342640
10995116278421|8796093022752|1627020616747|1669690342640
17592186044441|21990232555744|1627020616747|1669690342640
19791209300393|13194139533860|1627020616747|1669690342640
15393162789098|2199023256030|1627020616747|1669690342640
17592186044882|6597069767323|1627020616747|1669690342640
4398046511409|44|1627020616747|1669690342640
4398046511741|6597069767198|1627020616747|1669690342640
15393162789183|8796093022734|1627020616747|1669690342640
4398046511296|2199023256185|1627020616747|1669690342640
13194139533515|17592186045044|1627020616747|1669690342640
13194139533696|668|1627020616747|1669690342640
28587302322416|17592186045178|1627020616747|1669690342640
17592186045204|15393162789129|1627020616747|1669690342640
17592186044486|8796093022559|1627020616747|1669690342640
21990232556250|24189255811260|1627020616747|1669690342640
17592186045172|13194139534013|1627020616747|1669690342640
24189255811812|17592186045024|1627020616747|1669690342640
13194139534021|4398046511208|1627020616747|1669690342640
4398046511816|19791209300727|1627020616747|1669690342640
15393162789511|28587302322505|1627020616747|1669690342640
10995116277894|24189255811106|1627020616747|1669690342640
15393162789225|28587302322663|1627020616747|1669690342640
15393162789615|19791209300632|1627020616747|1669690342640
28587302322566|6597069767043|1627020616747|1669690342640
13194139533515|4398046511725|1627020616747|1669690342640
8796093022474|17592186044974|1627020616747|1669690342640
2199023256266|21990232556151|1627020616747|1669690342640
4398046511226|10995116278510|1627020616747|1669690342640
2199023256258|21990232555996|1627020616747|1669690342640
6597069767142|6597069767083|1627020616747|1669690342640
315|636|1627020616747|1669690342640
21990232556146|8796093022566|1627020616747|1669690342640
17592186044486|13194139534056|1627020616747|1669690342640
2199023256133|21990232555601|1627020616747|1669690342640
4398046511778|17592186044817|1627020616747|1669690342640
2199023256210|13194139534015|1627020616747|1669690342640
433|4398046511116|1627020616747|1669690342640
28587302322302|263|1627020616747|1669690342640
24189255811396|8796093022574|1627020616747|1669690342640
684|6597069767315|1627020616747|1669690342640
15393162789064|8796093022737|1627020616747|1669690342640
21990232556146|17592186044622|1627020616747|1669690342640
2199023256248|6597069767021|1627020616747|1669690342640
17592186045087|24189255811482|1627020616747|1669690342640
8796093022417|4398046511240|1627020616747|1669690342640
26388279066796|15393162789420|1627020616747|1669690342640
10995116277854|28587302322819|1627020616747|1669690342640
21990232555959|6597069767393|1627020616747|1669690342640
640|24189255811204|1627020616747|1669690342640
10995116278362|8796093022702|1627020616747|1669690342640
28587302322408|21990232556067|1627020616747|1669690342640
13194139533350|13194139533843|1627020616747|1669690342640
2199023256249|21990232556067|1627020616747|1669690342640
307|17592186044694|1627020616747|1669690342640
28587302322435|17592186045044|1627020616747|1669690342640
648|15393162789283|1627020616747|1669690342640
648|10995116278421|1627020616747|1669690342640
6597069766895|13194139534017|1627020616747|1669690342640
8796093022782|24189255811214|1627020616747|1669690342640
21990232555685|24189255811686|1627020616747|1669690342640
21990232555584|17592186044464|1627020616747|1669690342640
19791209300707|4398046511308|1627020616747|1669690342640
21990232555841|10995116278540|1627020616747|1669690342640
4398046511778|10995116278165|1627020616747|1669690342640
8796093022820|24189255811527|1627020616747|1669690342640
26388279067279|19791209300324|1627020616747|1669690342640
10995116278182|19791209300337|1627020616747|1669690342640
13194139533843|630|1627020616747|1669690342640
13194139534019|4398046511663|1627020616747|1669690342640
10995116278277|13194139533843|1627020616747|1669690342640
6597069767130|13194139533696|1627020616747|1669690342640
26388279066958|6597069767142|1627020616747|1669690342640
4398046511249|26388279066852|1627020616747|1669690342640
17592186045044|6597069766775|1627020616747|1669690342640
28587302322416|8796093022700|1627020616747|1669690342640
8796093022225|8796093022417|1627020616747|1669690342640
28587302322699|2199023256228|1627020616747|1669690342640
2199023256212|250|1627020616747|1669690342640
24189255811721|21990232555566|1627020616747|1669690342640
8796093022546|8796093022698|1627020616747|1669690342640
2199023256228|2199023255805|1627020616747|1669690342640
310|15393162789283|1627020616747|1669690342640
4398046511838|507|1627020616747|1669690342640
17592186044598|4398046511588|1627020616747|1669690342640
19791209300533|19791209300413|1627020616747|1669690342640
19791209300020|13194139534059|1627020616747|1669690342640
13194139533667|21990232556108|1627020616747|1669690342640
19791209300506|26388279066759|1627020616747|1669690342640
28587302322459|26388279067127|1627020616747|1669690342640
15393162789420|28587302322566|1627020616747|1669690342640
17592186044598|17592186044645|1627020616747|1669690342640
15393162789296|6597069767323|1627020616747|1669690342640
6597069767323|636|1627020616747|1669690342640
10995116278005|4398046511725|1627020616747|1669690342640
26388279066949|15393162789436|1627020616747|1669690342640
4398046511885|507|1627020616747|1669690342640
28587302322689|10995116278363|1627020616747|1669690342640
21990232555647|13194139533481|1627020616747|1669690342640
10995116278168|28587302322435|1627020616747|1669690342640
26388279066886|19791209300080|1627020616747|1669690342640
6597069767391|21990232556018|1627020616747|1669690342640
10995116278277|10995116278510|1627020616747|1669690342640
13194139533486|17592186044583|1627020616747|1669690342640
4398046511316|785|1627020616747|1669690342640
21990232555698|24189255811232|1627020616747|1669690342640
13194139533860|21990232556250|1627020616747|1669690342640
24189255811135|2199023256128|1627020616747|1669690342640
21990232555725|775|1627020616747|1669690342640
15393162789392|21990232556287|1627020616747|1669690342640
4398046511663|17592186044516|1627020616747|1669690342640
24189255811723|6597069767060|1627020616747|1669690342640
6597069766722|8796093022896|1627020616747|1669690342640
21990232555796|13194139533863|1627020616747|1669690342640
24189255811204|24189255811177|1627020616747|1669690342640
2199023255790|2199023255836|1627020616747|1669690342640
21990232555744|13194139533489|1627020616747|1669690342640
26388279066933|19791209300651|1627020616747|1669690342640
28587302322663|19791209300696|1627020616747|1669690342640
6597069766820|19791209300324|1627020616747|1669690342640
13194139534019|15393162789064|1627020616747|1669690342640
13194139534039|21990232555900|1627020616747|1669690342640
19791209300506|8796093022778|1627020616747|1669690342640
21990232556151|6597069766809|1627020616747|1669690342640
26388279066950|349|1627020616747|1669690342640
4398046511724|21990232555541|1627020616747|1669690342640
2199023255742|26388279067072|1627020616747|1669690342640
19791209300707|15393162789600|1627020616747|1669690342640
13194139534059|24189255811414|1627020616747|1669690342640
2199023256309|185|1627020616747|1669690342640
315|8796093022218|1627020616747|1669690342640
10995116278153|8796093022693|1627020616747|1669690342640
6597069767131|28587302322445|1627020616747|1669690342640
26388279066955|15393162789480|1627020616747|1669690342640
8796093022496|19791209300696|1627020616747|1669690342640
15393162789558|28587302322459|1627020616747|1669690342640
13194139533372|28587302322665|1627020616747|1669690342640
8796093022827|93|1627020616747|1669690342640
4398046511518|28587302322247|1627020616747|1669690342640
26388279066733|17592186044817|1627020616747|1669690342640
26388279067033|28587302322657|1627020616747|1669690342640
8796093022214|6597069766809|1627020616747|1669690342640
28587302322347|15393162789118|1627020616747|1669690342640
17592186044645|24189255811533|1627020616747|1669690342640
28587302322451|10995116278131|1627020616747|1669690342640
17592186045162|17592186045087|1627020616747|1669690342640
8796093022940|769|1627020616747|1669690342640
8796093022940|2199023256040|1627020616747|1669690342640
28587302322408|15393162789298|1627020616747|1669690342640
4398046511409|13194139533549|1627020616747|1669690342640
15393162789477|93|1627020616747|1669690342640
10995116277884|4398046511838|1627020616747|1669690342640
2199023255851|8796093022354|1627020616747|1669690342640
26388279067416|632|1627020616747|1669690342640
19791209300327|420|1627020616747|1669690342640
26388279066852|26388279067138|1627020616747|1669690342640
632|2199023256174|1627020616747|1669690342640
729|24189255811588|1627020616747|1669690342640
13194139533522|10995116278168|1627020616747|1669690342640
26388279067078|17592186044664|1627020616747|1669690342640
8796093022820|4398046511696|1627020616747|1669690342640
17592186044714|17592186045137|1627020616747|1669690342640
2199023255682|19791209300020|1627020616747|1669690342640
8796093022687|21990232555623|1627020616747|1669690342640
8796093022714|4398046511308|1627020616747|1669690342640
17592186045162|349|1627020616747|1669690342640
19791209300337|6597069766721|1627020616747|1669690342640
6597069766839|21990232556110|1627020616747|1669690342640
2199023256133|426|1627020616747|1669690342640
6597069767243|4398046511274|1627020616747|1669690342640
13194139533795|24189255811152|1627020616747|1669690342640
8796093022629|24189255811083|1627020616747|1669690342640
19791209300630|15393162789435|1627020616747|1669690342640
24189255811527|2199023256322|1627020616747|1669690342640
19791209300393|44|1627020616747|1669690342640
24189255811125|2199023256133|1627020616747|1669690342640
19791209300622|21990232555962|1627020616747|1669690342640
26388279066896|13194139533863|1627020616747|1669690342640
8796093022714|26388279067041|1627020616747|1669690342640
24189255811721|19791209300528|1627020616747|1669690342640
19791209300413|433|1627020616747|1669690342640
2199023256133|15393162789629|1627020616747|1669690342640
4398046511111|4398046511622|1627020616747|1669690342640
17592186044882|24189255811170|1627020616747|1669690342640
15393162789261|28587302322819|1627020616747|1669690342640
28587302322219|4398046511149|1627020616747|1669690342640
4398046511393|4398046511829|1627020616747|1669690342640
26388279067033|2199023255992|1627020616747|1669690342640
6597069767323|8796093022585|1627020616747|1669690342640
2199023255765|10995116278271|1627020616747|1669690342640
4398046511622|28587302322722|1627020616747|1669690342640
2199023256210|24|1627020616747|1669690342640
24189255811183|15393162788890|1627020616747|1669690342640
15393162789435|26388279067115|1627020616747|1669690342640
26388279067065|125|1627020616747|1669690342640
24189255811445|10995116278385|1627020616747|1669690342640
4398046511672|6597069767000|1627020616747|1669690342640
28587302322196|21990232555996|1627020616747|1669690342640
6597069767021|24189255811152|1627020616747|1669690342640
4398046511696|28587302322878|1627020616747|1669690342640
6597069767219|24189255811135|1627020616747|1669690342640
8796093022546|28587302322347|1627020616747|1669690342640
769|2199023255866|1627020616747|1669690342640
15393162789436|13194139533370|1627020616747|1669690342640
2199023256114|28587302322772|1627020616747|1669690342640
15393162788939|8796093022481|1627020616747|1669690342640
4398046511393|15393162789155|1627020616747|1669690342640
13194139533549|21990232555698|1627020616747|1669690342640
28587302322770|2199023256249|1627020616747|1669690342640
477|4398046511829|1627020616747|1669690342640
8796093022714|21990232555890|1627020616747|1669690342640
19791209300691|19791209300651|1627020616747|1669690342640
4398046511120|2199023256030|1627020616747|1669690342640
4398046511457|10995116277834|1627020616747|1669690342640
19791209300651|10995116278168|1627020616747|1669690342640
10995116278363|6597069766951|1627020616747|1669690342640
10995116278540|2199023256131|1627020616747|1669690342640
19791209300552|24189255811767|1627020616747|1669690342640
10995116278106|15393162789372|1627020616747|1669690342640
8796093022747|15393162789579|1627020616747|1669690342640
28587302322521|21990232555685|1627020616747|1669690342640
4398046511865|2199023256343|1627020616747|1669690342640
4398046511731|6597069767043|1627020616747|1669690342640
2199023255955|13194139533817|1627020616747|1669690342640
21990232555601|28587302322578|1627020616747|1669690342640
8796093022482|24189255811695|1627020616747|1669690342640
6597069767391|28587302322722|1627020616747|1669690342640
17592186044853|15393162789505|1627020616747|1669690342640
17592186045180|15393162789283|1627020616747|1669690342640
24189255811125|19791209300285|1627020616747|1669690342640
13194139534017|8796093022416|1627020616747|1669690342640
26388279067127|13194139533468|1627020616747|1669690342640
2199023255803|4398046511725|1627020616747|1669690342640
6597069766753|10995116277894|1627020616747|1669690342640
307|10995116277958|1627020616747|1669690342640
15393162789311|26388279066752|1627020616747|1669690342640
24189255811527|24189255811554|1627020616747|1669690342640
4398046511778|24189255811683|1627020616747|1669690342640
13194139534056|24189255811588|1627020616747|1669690342640
2199023255783|15393162789477|1627020616747|1669690342640
19791209300008|13194139533553|1627020616747|1669690342640
28587302322457|4398046511409|1627020616747|1669690342640
13194139534019|28587302322699|1627020616747|1669690342640
15393162788890|19791209300327|1627020616747|1669690342640
13194139534054|8796093022687|1627020616747|1669690342640
6597069767055|10995116278346|1627020616747|1669690342640
8796093023003|17592186045013|1627020616747|1669690342640
24189255811609|2199023255955|1627020616747|1669690342640
21990232555932|26388279067072|1627020616747|1669690342640
2199023256040|19791209300572|1627020616747|1669690342640
24189255811530|646|1627020616747|1669690342640
646|2199023255955|1627020616747|1669690342640
10995116278255|19791209300522|1627020616747|1669690342640
372|28587302322657|1627020616747|1669690342640
10995116277884|4398046511226|1627020616747|1669690342640
10995116278362|24189255811482|1627020616747|1669690342640
28587302322489|10995116278272|1627020616747|1669690342640
17592186045013|668|1627020616747|1669690342640
10995116278346|19791209300657|1627020616747|1669690342640
13194139533947|640|1627020616747|1669690342640
24189255811665|15393162789544|1627020616747|1669690342640
642|21990232555698|1627020616747|1669690342640
13194139533690|17592186044823|1627020616747|1669690342640
6597069767219|24189255811305|1627020616747|1669690342640
8796093022585|8796093022218|1627020616747|1669690342640
10995116278549|15393162789365|1627020616747|1669690342640
4398046511412|15393162789098|1627020616747|1669690342640
2199023255742|6597069767450|1627020616747|1669690342640
24189255811721|6597069766687|1627020616747|1669690342640
19791209300622|17592186044464|1627020616747|1669690342640
6597069767131|19791209300659|1627020616747|1669690342640
2199023255879|93|1627020616747|1669690342640
26388279067233|2199023256131|1627020616747|1669690342640
21990232555688|17592186045140|1627020616747|1669690342640
8796093022370|17592186044486|1627020616747|1669690342640
19791209300533|21990232555900|1627020616747|1669690342640
19791209300707|6597069767446|1627020616747|1669690342640
28587302322196|24189255811695|1627020616747|1669690342640
24189255811695|24189255811686|1627020616747|1669690342640
19791209300393|640|1627020616747|1669690342640
28587302322247|26388279066733|1627020616747|1669690342640
8796093022710|28587302322731|1627020616747|1669690342640
15393162789563|21990232555725|1627020616747|1669690342640
17592186044714|21990232555688|1627020616747|1669690342640
15393162789164|24189255811260|1627020616747|1669690342640
15393162789558|15393162789296|1627020616747|1669690342640
6597069767323|28587302322203|1627020616747|1669690342640
13194139534017|10995116278498|1627020616747|1669690342640
17592186044583|19791209300660|1627020616747|1669690342640
21990232555584|13194139534059|1627020616747|1669690342640
15393162789435|2199023256119|1627020616747|1669690342640
19791209300063|28587302322628|1627020616747|1669690342640
15393162789261|19791209300506|1627020616747|1669690342640
2199023255662|17592186044516|1627020616747|1669690342640
15393162789118|2199023255662|1627020616747|1669690342640
10995116277827|13194139533475|1627020616747|1669690342640
8796093022574|21990232555566|1627020616747|1669690342640
8796093022479|8796093022702|1627020616747|1669690342640
13194139533558|8796093022326|1627020616747|1669690342640
17592186044438|10995116277974|1627020616747|1669690342640
26388279066933|10995116278271|1627020616747|1669690342640
15393162789436|10995116277848|1627020616747|1669690342640
10995116278255|2199023256040|1627020616747|1669690342640
26388279066866|8796093022820|1627020616747|1669690342640
24189255811621|13194139533432|1627020616747|1669690342640
8796093022774|15393162789157|1627020616747|1669690342640
2199023255812|8796093022799|1627020616747|1669690342640
2199023255585|21990232556067|1627020616747|1669690342640
28587302322505|21990232555616|1627020616747|1669690342640
17592186044853|15393162789021|1627020616747|1669690342640
24189255811530|24189255811394|1627020616747|1669690342640
10995116278292|21990232556110|1627020616747|1669690342640
17592186045172|15393162789420|1627020616747|1669690342640
2199023256212|8796093022734|1627020616747|1669690342640
17592186044592|6597069767178|1627020616747|1669690342640
2199023255900|2199023256185|1627020616747|1669690342640
30|2199023255846|1627020616747|1669690342640
6597069766895|15393162789333|1627020616747|1669690342640
28587302322848|21990232555647|1627020616747|1669690342640
13194139533549|4398046511760|1627020616747|1669690342640
21990232555725|17592186044635|1627020616747|1669690342640
21990232555822|15393162789064|1627020616747|1669690342640
6597069767000|28587302322685|1627020616747|1669690342640
13194139533348|10995116278204|1627020616747|1669690342640
4398046511878|13194139534088|1627020616747|1669690342640
26388279067078|15393162789064|1627020616747|1669690342640
8796093022700|21990232555534|1627020616747|1669690342640
2199023255900|24189255811125|1627020616747|1669690342640
13194139534088|640|1627020616747|1669690342640
4398046511749|21990232555740|1627020616747|1669690342640
6597069767043|19791209300533|1627020616747|1669690342640
26388279067115|2199023256025|1627020616747|1669690342640
354|13194139533432|1627020616747|1669690342640
4398046511622|28587302322181|1627020616747|1669690342640
15393162789164|21990232556250|1627020616747|1669690342640
477|13194139533686|1627020616747|1669690342640
24189255811394|17592186044622|1627020616747|1669690342640
19791209300622|6597069767450|1627020616747|1669690342640
26388279067274|6597069766895|1627020616747|1669690342640
13194139533542|17592186044664|1627020616747|1669690342640
13194139533817|24189255811260|1627020616747|1669690342640
15393162789283|28587302322863|1627020616747|1669690342640
10995116278450|19791209300745|1627020616747|1669690342640
26388279066886|4398046511553|1627020616747|1669690342640
15393162789436|10995116277978|1627020616747|1669690342640
13194139533348|24189255811533|1627020616747|1669690342640
4398046511208|264|1627020616747|1669690342640
30786325578421|15393162789544|1627020616747|1669690342640
15393162788906|28587302322689|1627020616747|1669690342640
8796093022774|107|1627020616747|1669690342640
8796093022430|21990232556110|1627020616747|1669690342640
8796093022896|10995116277958|1627020616747|1669690342640
4398046511308|24189255811358|1627020616747|1669690342640
2199023256266|24189255811767|1627020616747|1669690342640
15393162788939|257|1627020616747|1669690342640
8796093022226|26388279067115|1627020616747|1669690342640
24189255811232|10995116277854|1627020616747|1669690342640
236|24189255811445|1627020616747|1669690342640
2199023256301|26388279066733|1627020616747|1669690342640
15393162789372|21990232555657|1627020616747|1669690342640
26388279067181|24189255811533|1627020616747|1669690342640
17592186044635|24189255811368|1627020616747|1669690342640
10995116278363|6597069766847|1627020616747|1669690342640
13194139533486|28587302322435|1627020616747|1669690342640
17592186045024|21990232555725|1627020616747|1669690342640
19791209300109|21990232556070|1627020616747|1669690342640
26388279067115|13194139533750|1627020616747|1669690342640
2199023255599|10995116278101|1627020616747|1669690342640
8796093022687|26388279066733|1627020616747|1669690342640
8796093022752|24189255811565|1627020616747|1669690342640
26388279066933|8796093022729|1627020616747|1669690342640
15393162789098|24189255811083|1627020616747|1669690342640
24189255811232|6597069767219|1627020616747|1669690342640
4398046511519|263|1627020616747|1669690342640
10995116278547|28587302322657|1627020616747|1669690342640
19791209300379|668|1627020616747|1669690342640
17592186044823|24189255811101|1627020616747|1669690342640
13194139533515|6597069767337|1627020616747|1669690342640
8796093022729|28587302322848|1627020616747|1669690342640
21990232555841|13194139533553|1627020616747|1669690342640
2199023256040|26388279067138|1627020616747|1669690342640
19791209300324|2199023255765|1627020616747|1669690342640
15393162789579|13194139533901|1627020616747|1669690342640
4398046511760|4398046511409|1627020616747|1669690342640
2199023255808|30786325578193|1627020616747|1669690342640
21990232555659|2199023256228|1627020616747|1669690342640
24189255811870|13194139533690|1627020616747|1669690342640
26388279067078|24189255811177|1627020616747|1669690342640
24189255811530|21990232555826|1627020616747|1669690342640
19791209300634|28587302322854|1627020616747|1669690342640
17592186044935|13194139533780|1627020616747|1669690342640
8796093022687|2199023255844|1627020616747|1669690342640
21990232555660|19791209300327|1627020616747|1669690342640
13194139533686|8796093022388|1627020616747|1669690342640
6597069767243|4398046511725|1627020616747|1669690342640
21990232555555|15393162789392|1627020616747|1669690342640
6597069766803|15393162789333|1627020616747|1669690342640
6597069767219|28587302322737|1627020616747|1669690342640
15393162789617|32|1627020616747|1669690342640
2199023255682|26388279067010|1627020616747|1669690342640
4398046511663|4398046511439|1627020616747|1669690342640
2199023255700|2199023255790|1627020616747|1669690342640
15393162789154|24189255811767|1627020616747|1669690342640
21990232555698|8796093022538|1627020616747|1669690342640
6597069767198|4398046511629|1627020616747|1669690342640
26388279066773|28587302322819|1627020616747|1669690342640
26388279067075|28587302322496|1627020616747|1669690342640
497|21990232555909|1627020616747|1669690342640
4398046511663|8796093022309|1627020616747|1669690342640
17592186044500|13194139534017|1627020616747|1669690342640
4398046511696|10995116278540|1627020616747|1669690342640
24189255811501|26388279067072|1627020616747|1669690342640
21990232556250|24189255811568|1627020616747|1669690342640
21990232555601|19791209300330|1627020616747|1669690342640
4398046511778|10995116278292|1627020616747|1669690342640
13194139533515|4398046511274|1627020616747|1669690342640
24189255811305|6597069767178|1627020616747|1669690342640
6597069767229|17592186044853|1627020616747|1669690342640
17592186044853|4398046511878|1627020616747|1669690342640
24189255811812|10995116277851|1627020616747|1669690342640
21990232555566|24189255811260|1627020616747|1669690342640
13194139533522|26388279067287|1627020616747|1669690342640
636|26388279067144|1627020616747|1669690342640
19791209300008|743|1627020616747|1669690342640
13194139533553|19791209300630|1627020616747|1669690342640
21990232555959|24189255811543|1627020616747|1669690342640
17592186044575|13194139534054|1627020616747|1669690342640
10995116278204|15393162788943|1627020616747|1669690342640
2199023255803|13194139533398|1627020616747|1669690342640
729|28587302322772|1627020616747|1669690342640
19791209300350|26388279067181|1627020616747|1669690342640
24189255811501|13194139533696|1627020616747|1669690342640
2199023255783|24189255811283|1627020616747|1669690342640
8796093022482|8796093022820|1627020616747|1669690342640
4398046511316|13194139533553|1627020616747|1669690342640
2199023255682|30|1627020616747|1669690342640
13194139534019|28587302322451|1627020616747|1669690342640
10995116278290|17592186045013|1627020616747|1669690342640
28587302322515|185|1627020616747|1669690342640
17592186044478|8796093022479|1627020616747|1669690342640
21990232555623|6597069766679|1627020616747|1669690342640
13194139533432|6597069767142|1627020616747|1669690342640
15393162789118|2199023256252|1627020616747|1669690342640
10995116277851|4398046511208|1627020616747|1669690342640
28587302322196|6597069767055|1627020616747|1669690342640
19791209300350|15393162789417|1627020616747|1669690342640
630|21990232556205|1627020616747|1669690342640
21990232555698|28587302322445|1627020616747|1669690342640
21990232555725|17592186045178|1627020616747|1669690342640
19791209300707|24189255811395|1627020616747|1669690342640
19791209300634|21990232555659|1627020616747|1669690342640
187|15393162788890|1627020616747|1669690342640
10995116278204|24189255811621|1627020616747|1669690342640
93|19791209300532|1627020616747|1669690342640
24189255811621|15393162789327|1627020616747|1669690342640
4398046511226|4398046511741|1627020616747|1669690342640
2199023255767|6597069766911|1627020616747|1669690342640
13194139533947|51|1627020616747|1669690342640
8796093022710|4|1627020616747|1669690342640
6597069767003|19791209300745|1627020616747|1669690342640
17592186044882|15393162789365|1627020616747|1669690342640
13194139533515|729|1627020616747|1669690342640
6597069766712|19791209300506|1627020616747|1669690342640
8796093022737|21990232556126|1627020616747|1669690342640
26388279066767|28587302322337|1627020616747|1669690342640
19791209300696|8796093022693|1627020616747|1669690342640
17592186044812|6597069767131|1627020616747|1669690342640
28587302322819|10995116278549|1627020616747|1669690342640
21990232556286|4398046511725|1627020616747|1669690342640
6597069766903|21990232555541|1627020616747|1669690342640
632|6597069766877|1627020616747|1669690342640
8796093022566|4398046511120|1627020616747|1669690342640
24189255811460|17592186045069|1627020616747|1669690342640
19791209300727|6597069767446|1627020616747|1669690342640
21990232556287|17592186044418|1627020616747|1669690342640
6597069766739|13194139533765|1627020616747|1669690342640
535|21990232555817|1627020616747|1669690342640
17592186044486|4398046511504|1627020616747|1669690342640
4398046511722|17592186045013|1627020616747|1669690342640
8796093022214|13194139533860|1627020616747|1669690342640
6597069767142|19791209300478|1627020616747|1669690342640
477|8796093022538|1627020616747|1669690342640
13194139533863|26388279067181|1627020616747|1669690342640
6597069766803|10995116278385|1627020616747|1669690342640
24189255811576|2199023255599|1627020616747|1669690342640
4398046511504|17592186045137|1627020616747|1669690342640
26388279067407|2199023255746|1627020616747|1669690342640
4398046511890|26388279067416|1627020616747|1669690342640
17592186045069|15393162788995|1627020616747|1669690342640
2199023255767|15393162789477|1627020616747|1669690342640
24189255811501|15393162789225|1627020616747|1669690342640
24189255811445|15393162789157|1627020616747|1669690342640
26388279066866|19791209300393|1627020616747|1669690342640
6597069767060|24189255811749|1627020616747|1669690342640
28587302322347|24189255811414|1627020616747|1669690342640
6597069767446|2199023255851|1627020616747|1669690342640
2199023255812|17592186044486|1627020616747|1669690342640
2199023255634|28587302322536|1627020616747|1669690342640
10995116277851|21990232556146|1627020616747|1669690342640
2199023256212|15393162789225|1627020616747|1669690342640
19791209300632|26388279067274|1627020616747|1669690342640
15393162789157|15393162789365|1627020616747|1669690342640
26388279067138|24189255811414|1627020616747|1669690342640
10995116278363|10995116278498|1627020616747|1669690342640
10995116278450|24189255811490|1627020616747|1669690342640
24189255811232|13194139534080|1627020616747|1669690342640
24189255811565|13194139533542|1627020616747|1669690342640
24189255811394|4398046511412|1627020616747|1669690342640
24189255811358|19791209300657|1627020616747|1669690342640
187|10995116278188|1627020616747|1669690342640
21990232555533|13194139533780|1627020616747|1669690342640
26388279067407|10995116277848|1627020616747|1669690342640
2199023256309|26388279067234|1627020616747|1669690342640
24189255811665|10995116278230|1627020616747|1669690342640
2199023255998|6597069767393|1627020616747|1669690342640
28587302322337|24189255811588|1627020616747|1669690342640
13194139534017|24189255811665|1627020616747|1669690342640
19791209300528|363|1627020616747|1669690342640
4398046511738|13194139533690|1627020616747|1669690342640
24189255811695|264|1627020616747|1669690342640
21990232556205|17592186044516|1627020616747|1669690342640
15393162789600|4398046511741|1627020616747|1669690342640
24189255811527|4398046511722|1627020616747|1669690342640
17592186045024|21990232555539|1627020616747|1669690342640
8796093022940|13194139533687|1627020616747|1669690342640
21990232555740|28587302322408|1627020616747|1669690342640
8796093022940|15393162789657|1627020616747|1669690342640
2199023255560|17592186044714|1627020616747|1669690342640
28587302322770|17592186045069|1627020616747|1669690342640
4398046511703|6597069766710|1627020616747|1669690342640
26388279066852|15393162789157|1627020616747|1669690342640
6597069766775|17592186044441|1627020616747|1669690342640
6597069767376|15393162789480|1627020616747|1669690342640
2199023255589|17592186045162|1627020616747|1669690342640
107|28587302322196|1627020616747|1669690342640
21990232556110|28587302322855|1627020616747|1669690342640
15393162789200|28587302322848|1627020616747|1669690342640
601|15393162788890|1627020616747|1669690342640
4398046511113|769|1627020616747|1669690342640
28587302322416|21990232555698|1627020616747|1669690342640
21990232556274|28587302322328|1627020616747|1669690342640
6597069766877|13194139534015|1627020616747|1669690342640
10995116278165|26388279066716|1627020616747|1669690342640
24189255811527|17592186044853|1627020616747|1669690342640
10995116277985|8796093022574|1627020616747|1669690342640
24189255811083|13194139533863|1627020616747|1669690342640
24189255811770|4398046511412|1627020616747|1669690342640
6597069767393|24189255811803|1627020616747|1669690342640
19791209300330|15393162788925|1627020616747|1669690342640
15393162789420|17592186045013|1627020616747|1669690342640
6597069767000|8796093022236|1627020616747|1669690342640
10995116277974|26388279066767|1627020616747|1669690342640
10995116278005|24189255811588|1627020616747|1669690342640
24189255811490|10995116278362|1627020616747|1669690342640
17592186044545|4398046511120|1627020616747|1669690342640
30786325578421|17592186044455|1627020616747|1669690342640
420|24189255811395|1627020616747|1669690342640
2199023256040|28587302322451|1627020616747|1669690342640
684|6597069766895|1627020616747|1669690342640
8796093022820|19791209300300|1627020616747|1669690342640
21990232555772|10995116278168|1627020616747|1669690342640
8796093022566|431|1627020616747|1669690342640
2199023255836|6597069766679|1627020616747|1669690342640
8796093022585|13194139533662|1627020616747|1669690342640
19791209300337|13194139533762|1627020616747|1669690342640
24189255811543|28587302322247|1627020616747|1669690342640
21990232555896|19791209300238|1627020616747|1669690342640
497|24189255811749|1627020616747|1669690342640
17592186044852|4398046511890|1627020616747|1669690342640
28587302322445|2199023256210|1627020616747|1669690342640
8796093022799|28587302322848|1627020616747|1669690342640
10995116277850|21990232555635|1627020616747|1669690342640
17592186044998|24189255811609|1627020616747|1669690342640
4398046511741|28587302322685|1627020616747|1669690342640
2199023256030|6597069766911|1627020616747|1669690342640
6597069766911|185|1627020616747|1669690342640
24189255811530|8796093022416|1627020616747|1669690342640
28587302322457|10995116278450|1627020616747|1669690342640
13194139533445|28587302322275|1627020616747|1669690342640
24189255811482|8796093022734|1627020616747|1669690342640
21990232555566|8796093022700|1627020616747|1669690342640
2199023256248|15393162789544|1627020616747|1669690342640
250|632|1627020616747|1669690342640
21990232555831|6597069767243|1627020616747|1669690342640
28587302322275|21990232556265|1627020616747|1669690342640
648|26388279066733|1627020616747|1669690342640
2199023255879|19791209300686|1627020616747|1669690342640
4398046511888|28587302322408|1627020616747|1669690342640
668|6597069766775|1627020616747|1669690342640
13194139533372|10995116277957|1627020616747|1669690342640
15393162789657|4398046511296|1627020616747|1669690342640
24189255811554|44|1627020616747|1669690342640
6597069766903|13194139533843|1627020616747|1669690342640
2199023255742|15393162788906|1627020616747|1669690342640
8796093022482|15393162789021|1627020616747|1669690342640
6597069767446|10995116278168|1627020616747|1669690342640
21990232555896|13194139534056|1627020616747|1669690342640
10995116278493|15393162789629|1627020616747|1669690342640
15393162788906|13194139533696|1627020616747|1669690342640
10995116277884|19791209300163|1627020616747|1669690342640
15393162789643|26388279066759|1627020616747|1669690342640
6597069767315|15393162789420|1627020616747|1669690342640
8796093022559|24189255811368|1627020616747|1669690342640
21990232555831|15393162789590|1627020616747|1669690342640
19791209300374|21990232556286|1627020616747|1669690342640
2199023255700|2199023256266|1627020616747|1669690342640
28587302322247|17592186044441|1627020616747|1669690342640
4398046511888|8796093022940|1627020616747|1669690342640
19791209300660|8796093022387|1627020616747|1669690342640
6597069767219|17592186044823|1627020616747|1669690342640
13194139534056|15393162789657|1627020616747|1669690342640
2199023255742|17592186044935|1627020616747|1669690342640
17592186044882|8796093022370|1627020616747|1669690342640
13194139534017|6597069766839|1627020616747|1669690342640
19791209300552|28587302322878|1627020616747|1669690342640
24189255811490|26388279067274|1627020616747|1669690342640
26388279066730|13194139533515|1627020616747|1669690342640
6597069766820|4398046511439|1627020616747|1669690342640
19791209300651|26388279067075|1627020616747|1669690342640
6597069766895|17592186044959|1627020616747|1669690342640
19791209300226|24189255811530|1627020616747|1669690342640
6597069767300|372|1627020616747|1669690342640
13194139534056|15393162789580|1627020616747|1669690342640
30|13194139534017|1627020616747|1669690342640
17592186045087|4398046511733|1627020616747|1669690342640
17592186044545|6597069766957|1627020616747|1669690342640
4398046511296|13194139534019|1627020616747|1669690342640
10995116277894|19791209300330|1627020616747|1669690342640
24189255811368|28587302322435|1627020616747|1669690342640
467|13194139533389|1627020616747|1669690342640
8796093022729|2199023255560|1627020616747|1669690342640
15393162789505|8796093022352|1627020616747|1669690342640
24189255811333|44|1627020616747|1669690342640
580|17592186045013|1627020616747|1669690342640
19791209300393|8796093022559|1627020616747|1669690342640
26388279067287|17592186044812|1627020616747|1669690342640
2199023255634|349|1627020616747|1669690342640
15393162789064|19791209300300|1627020616747|1669690342640
28587302322854|28587302322878|1627020616747|1669690342640
8796093022236|15393162789064|1627020616747|1669690342640
8796093022559|24189255811543|1627020616747|1669690342640
10995116278547|17592186044974|1627020616747|1669690342640
21990232555566|24189255811261|1627020616747|1669690342640
13194139533901|17592186045044|1627020616747|1669690342640
6597069766941|24189255811723|1627020616747|1669690342640
2199023255589|15393162789511|1627020616747|1669690342640
15393162789435|19791209300657|1627020616747|1669690342640
4398046511393|2199023255765|1627020616747|1669690342640
15393162789283|6597069766951|1627020616747|1669690342640
6597069766911|8796093022813|1627020616747|1669690342640
24189255811767|21990232555623|1627020616747|1669690342640
507|8796093022226|1627020616747|1669690342640
24189255811204|2199023256011|1627020616747|1669690342640
2199023256128|433|1627020616747|1669690342640
26388279067233|26388279066773|1627020616747|1669690342640
4398046511865|13194139533372|1627020616747|1669690342640
32|26388279067287|1627020616747|1669690342640
15393162789327|15393162789579|1627020616747|1669690342640
26388279067416|15393162789420|1627020616747|1669690342640
10995116277850|4398046511316|1627020616747|1669690342640
19791209300660|17592186045187|1627020616747|1669690342640
26388279067078|26388279066851|1627020616747|1669690342640
26388279067009|6597069766722|1627020616747|1669690342640
10995116278292|26388279066733|1627020616747|1669690342640
4398046511553|8796093022425|1627020616747|1669690342640
2199023256266|21990232555831|1627020616747|1669690342640
24189255811460|2199023255746|1627020616747|1669690342640
24189255811870|307|1627020616747|1669690342640
8796093022752|28587302322408|1627020616747|1669690342640
17592186044852|2199023255846|1627020616747|1669690342640
13194139533765|8796093022687|1627020616747|1669690342640
13194139533662|28587302322737|1627020616747|1669690342640
26388279067421|236|1627020616747|1669690342640
13194139534080|28587302322181|1627020616747|1669690342640
