personId|personName|isBlocked|createTime|gender|birthday|country|city
755|Bertrand|false|2020-01-01 18:13:47.158|male|1991-12-21 00:00:00|Australia|Adelaide
640|Menville|false|2020-01-03 04:37:41.401|female|1980-10-31 00:00:00|Czech_Republic|Moravia
41|Rowe|false|2020-01-07 13:56:26.822|male|1986-12-07 00:00:00|India|Kollam
729|Rowlands|false|2020-01-08 17:20:47.273|female|1998-05-29 00:00:00|Philippines|Davao_City
310|Kerschensteiner|false|2020-01-09 03:57:02.637|female|1986-08-26 00:00:00|India|Nagpur
630|Abutalybov|false|2020-01-12 20:52:02.831|male|1994-12-10 00:00:00|Vietnam|Bà_Rịa
51|Skala|false|2020-01-13 11:31:04.635|female|1981-08-12 00:00:00|Malaysia|Cyberjaya
632|Bukofzer|false|2020-01-15 02:21:44.159|female|1998-04-16 00:00:00|Brazil|Pelotas
426|Shabazz|false|2020-01-17 03:32:50.477|female|1980-08-01 00:00:00|China|Changzhou
354|Zakharov|false|2020-01-17 04:09:18.151|male|1983-12-08 00:00:00|India|Midnapore
107|Baumgartner|false|2020-01-18 16:55:05.001|female|1982-11-01 00:00:00|China|Gaoyou
236|Hodgman|false|2020-01-19 10:56:59.136|female|1992-08-05 00:00:00|United_Kingdom|Bristol
307|Baardsen|false|2020-01-20 05:33:17.058|female|1983-12-05 00:00:00|Estonia|Tallinn
24|Castanon|false|2020-01-20 17:48:55.822|female|1992-03-26 00:00:00|India|Rewari
648|Akhavan|false|2020-01-21 03:48:32.939|male|1981-08-21 00:00:00|India|Ghaziabad
315|Patten|false|2020-01-21 22:35:52.862|female|1985-08-19 00:00:00|India|Kanpur
363|Hulbert|false|2020-01-22 11:03:11.491|male|1982-11-26 00:00:00|China|Shantou
467|House|false|2020-01-25 22:59:08.892|female|1995-01-26 00:00:00|Vietnam|Pleiku
433|Prussia|false|2020-01-27 21:05:33.077|male|1985-11-18 00:00:00|Mexico|Pedro_Escobedo
601|Gunn|false|2020-01-29 12:02:40.132|male|1995-01-16 00:00:00|Indonesia|Central_Jakarta
264|Cook|false|2020-01-30 04:26:35.762|female|1989-08-27 00:00:00|Yemen|Al_Hudaydah
257|O'Hearn|false|2020-02-01 04:09:52.198|male|1993-03-17 00:00:00|France|Toulouse
535|Brocklebank|false|2020-02-02 13:54:29.833|male|1991-09-06 00:00:00|Canada|Montreal
580|Farnall|false|2020-02-02 22:17:38.684|female|1992-06-03 00:00:00|India|Agra
263|Culver|false|2020-02-04 00:31:40.881|female|1995-04-22 00:00:00|Cameroon|Douala
50|Hatfield|false|2020-02-04 01:55:53|male|1984-04-21 00:00:00|Romania|Arad
44|Aden|false|2020-02-04 22:36:12.904|female|1993-07-12 00:00:00|Madagascar|Antsirabe
675|Moon|false|2020-02-06 03:19:45.41|male|1993-06-15 00:00:00|China|Nan'an_District
646|Boyes|false|2020-02-09 06:34:27.731|male|1995-01-10 00:00:00|Peru|Distrito_de_Bellavista
743|Hergesheimer|false|2020-02-11 17:15:46.943|female|1995-10-07 00:00:00|Cambodia|Kampong_Speu
93|Itakura|false|2020-02-14 18:01:24.105|male|1997-12-18 00:00:00|China|Anshun
499|Llamazares|false|2020-02-15 19:42:27.148|male|1984-06-18 00:00:00|Afghanistan|Lashkar_Gah
125|Fannin|false|2020-02-16 21:06:02.85|female|1998-12-29 00:00:00|Colombia|Pamplona
769|Buttiglione|false|2020-02-20 01:15:46.825|male|1985-04-15 00:00:00|India|Allahabad
642|Dafydd|false|2020-02-20 03:03:26.914|male|1985-03-27 00:00:00|India|Bhilai
173|Algaze|false|2020-02-20 11:59:13.916|female|1998-12-19 00:00:00|Germany|Othmarschen
785|Gaztañaga|false|2020-02-21 03:55:26.026|female|1994-07-05 00:00:00|India|Shibpur
775|Bennahmias|false|2020-02-23 18:00:08.456|male|1999-10-13 00:00:00|United_States|Atlanta
185|Peart|false|2020-02-25 09:29:29.547|male|1989-11-27 00:00:00|United_States|Los_Angeles
477|Dooley|false|2020-02-25 23:29:54.02|male|1987-12-21 00:00:00|Vietnam|Hanoi
372|Rogerson|false|2020-02-26 06:47:10.448|male|1988-10-25 00:00:00|Vietnam|Hanoi
420|Staudle|false|2020-02-26 10:13:20.28|male|1991-04-21 00:00:00|Ethiopia|Nekemte
187|Sim|false|2020-03-01 04:50:25.192|male|1990-01-04 00:00:00|Russia|Ulyanovsk
30|Le Lacheur|false|2020-03-02 11:32:10.709|female|1998-04-12 00:00:00|Russia|Ivanovo_Oblast
636|Domingo|false|2020-03-03 17:22:26.472|female|1999-02-20 00:00:00|Cuba|Havana
431|Riby|false|2020-03-04 02:27:58.737|female|1990-06-25 00:00:00|China|Beiliu
507|Kaljujarv|false|2020-03-05 20:53:24.508|female|1984-08-23 00:00:00|Germany|Wiesbaden
497|Leniston|false|2020-03-06 21:56:55.404|male|1995-09-29 00:00:00|Germany|Lörrach
4|Vaccari|false|2020-03-07 17:54:47.318|male|1990-03-17 00:00:00|Pakistan|Peshawar
250|Barshadly|false|2020-03-08 01:41:44.969|male|1999-06-06 00:00:00|China|Fushun
32|Cutler|false|2020-03-08 14:39:14.687|male|1983-12-02 00:00:00|Zambia|Livingstone
684|Alberstein|false|2020-03-10 13:31:56.641|female|1984-10-30 00:00:00|China|Chengde
349|Ide|false|2020-03-13 06:00:17.014|male|1981-07-04 00:00:00|China|Gaoyao
668|Horton|false|2020-03-15 11:02:33.486|male|1985-12-15 00:00:00|Argentina|Presidencia_Roque_Sáenz_Peña
2199023255836|Sossamon|false|2020-03-19 05:02:39.802|female|1993-03-14 00:00:00|Nepal|Dharan
2199023255803|Chaparro|false|2020-03-19 19:45:09.27|female|1985-09-06 00:00:00|China|Baiyin
2199023255765|Blaché|false|2020-03-19 20:01:46.905|female|1980-07-27 00:00:00|Australia|Canberra
2199023255742|Carranza|false|2020-03-21 00:18:41.195|male|1990-03-16 00:00:00|Indonesia|Manado
2199023256322|Shapiro|false|2020-03-21 06:46:42.008|female|1996-10-26 00:00:00|Iran|Qom
2199023255662|Briginshaw|false|2020-03-22 09:25:35.176|female|1999-10-26 00:00:00|Pakistan|Kharian
2199023256040|Orji|false|2020-03-25 10:18:04.977|male|1982-11-22 00:00:00|Australia|Canberra
2199023255955|West|false|2020-03-28 02:24:13.827|male|1992-09-12 00:00:00|Germany|Mannheim
2199023255585|Cervell|false|2020-04-01 00:11:55.674|male|1984-10-09 00:00:00|Peru|La_Punta
2199023255634|Jackova|false|2020-04-01 01:00:28.073|female|1981-06-15 00:00:00|Australia|Perth
2199023256262|Stephenson|false|2020-04-03 14:07:38.172|male|1988-12-07 00:00:00|Algeria|Annaba
2199023256030|Stinson|false|2020-04-05 07:55:27.755|male|1992-04-30 00:00:00|Pakistan|Surat,India
2199023255812|Ashbery|false|2020-04-06 13:30:37.05|female|1995-02-22 00:00:00|Cambodia|Pursat
2199023256011|Cabon|false|2020-04-11 23:08:05.345|male|1986-10-13 00:00:00|Czech_Republic|Ostrava
2199023256228|Eaton|false|2020-04-13 01:02:37.747|female|1994-01-07 00:00:00|China|Dongfang
2199023256210|Kaskeala|false|2020-04-14 18:56:18.377|female|1991-06-23 00:00:00|India|Palayamkottai
2199023256209|Paige|false|2020-04-15 12:38:29.803|female|1988-09-15 00:00:00|Malaysia|Selangor
2199023256258|Barrell|false|2020-04-15 19:24:38.703|male|1996-12-27 00:00:00|Brazil|Poços_de_Caldas
2199023255998|Bunim|false|2020-04-17 12:43:07.113|female|1997-10-17 00:00:00|Japan|Toyoake
2199023256185|Landsberg|false|2020-04-18 06:05:09.47|male|1993-02-13 00:00:00|China|Changge
2199023256025|Saavedra Lamas|false|2020-04-18 09:44:30.275|female|1982-06-19 00:00:00|Russia|Vladivostok
2199023256114|Samperi|false|2020-04-18 23:55:34.383|male|1982-01-09 00:00:00|India|Bihar
2199023255611|Torrence|false|2020-04-19 04:06:45.056|female|1983-08-12 00:00:00|India|Tezpur
2199023255805|Havenaar|false|2020-04-19 17:08:44.479|male|1987-05-06 00:00:00|Moldova|Balti
2199023255900|Copeland|false|2020-04-19 23:57:43.619|female|1998-10-23 00:00:00|India|Malappuram
2199023255808|Pieete|false|2020-04-24 02:18:26.602|male|1980-05-12 00:00:00|Philippines|Mandaluyong
2199023256309|Cumberland|false|2020-04-24 04:53:10.386|male|1990-02-27 00:00:00|United_Kingdom|Coventry
2199023255844|Ponce Enrile|false|2020-04-25 06:01:24.567|male|1982-12-26 00:00:00|Philippines|Cavite_City
2199023256252|Haarde|false|2020-04-26 08:00:03.006|male|1991-05-05 00:00:00|England|Birmingham
2199023256133|Sachet|false|2020-04-30 21:31:35.365|male|1989-04-28 00:00:00|Russia|Krasnodar
2199023255851|Ramirez De Arellano|false|2020-05-03 17:54:11.255|male|1988-11-17 00:00:00|Vietnam|Tuyên_Quang
2199023255607|Harding|false|2020-05-04 15:05:07.992|male|1986-07-13 00:00:00|Switzerland|Geneva
2199023256248|Kuroda|false|2020-05-04 18:12:49.344|female|1985-03-21 00:00:00|India|Jorhat
2199023256119|Cerroni|false|2020-05-05 11:15:51.512|female|1997-07-20 00:00:00|England|Birmingham
2199023256301|Iwatani|false|2020-05-06 10:04:09.414|male|1982-10-13 00:00:00|China|Baotou
2199023256212|Maas|false|2020-05-08 17:12:45.82|male|1991-12-15 00:00:00|Slovenia|Ljubljana
2199023255700|Smith|false|2020-05-08 22:10:32.318|male|1985-03-12 00:00:00|Morocco|Agadir
2199023256131|Jordan|false|2020-05-09 00:56:51.314|female|1983-07-10 00:00:00|China|Beijing
2199023255846|Bezerra|false|2020-05-14 08:57:22.587|male|1995-08-03 00:00:00|China|Cixi
2199023255589|Ashina|false|2020-05-15 04:31:20.476|female|1997-01-11 00:00:00|Brazil|Ribeirão_Preto
2199023255767|Garel|false|2020-05-15 11:26:18.961|male|1986-01-12 00:00:00|Germany|Greifswald
2199023255682|Linn|false|2020-05-16 15:08:26.969|female|1998-10-30 00:00:00|India|Jammu
2199023255895|Okamoto|false|2020-05-16 22:38:50.926|female|1989-04-22 00:00:00|Netherlands|Tilburg
2199023255560|Leverett|false|2020-05-17 03:49:55.675|male|1996-01-15 00:00:00|Spain|Valladolid
2199023256128|Arantes do Nascimento|false|2020-05-17 04:47:54.202|male|1998-07-05 00:00:00|India|Kannur
2199023255790|Ireland|false|2020-05-19 11:59:57.152|female|1981-06-27 00:00:00|Kazakhstan|Astana
2199023255599|Bangs|false|2020-05-19 15:50:12.252|female|1989-10-05 00:00:00|Zambia|Lusaka
2199023255879|Tee|false|2020-05-20 10:13:30.581|male|1992-08-22 00:00:00|Mauritania|Nouakchott
2199023256266|Ruscha|false|2020-05-20 17:46:50.227|male|1980-12-20 00:00:00|Afghanistan|Gardēz
2199023256343|Gashimov|false|2020-05-21 08:46:24.797|male|1987-12-04 00:00:00|South_Korea|Andong
2199023256249|Malet|false|2020-05-27 04:14:46.114|female|1987-12-11 00:00:00|Greece|Patras
2199023255783|Machi|false|2020-05-27 07:49:07.083|male|1984-11-22 00:00:00|Japan|Hachiōji
2199023255992|Holmes|false|2020-05-27 12:09:52.435|male|1986-09-24 00:00:00|Cambodia|Pray_Veng
2199023256174|Macwalter|false|2020-05-27 22:55:45.058|male|1982-07-24 00:00:00|Netherlands|Maastricht
2199023255746|Kaewsuktae|false|2020-05-28 16:40:01.346|female|1999-04-11 00:00:00|Peru|Chorrillos_District
2199023255866|Levertov|false|2020-05-30 08:37:30.604|female|1996-06-26 00:00:00|Madagascar|Amparafaravola
4398046511672|Malvar|false|2020-06-02 01:59:43.429|female|1980-08-31 00:00:00|Tanzania|Mwanza
4398046511724|Roper|false|2020-06-03 09:31:18.629|male|1998-02-13 00:00:00|China|Nanchang
4398046511829|Paakkonen|false|2020-06-04 15:30:06.109|male|1984-06-27 00:00:00|Senegal|Rufisque
4398046511703|Angern|false|2020-06-05 07:57:04.142|male|1996-05-30 00:00:00|Vietnam|Tam_Kỳ
4398046511274|Munroe|false|2020-06-06 21:16:08.168|female|1996-04-29 00:00:00|United_States|Cincinnati
4398046511890|Macsorley|false|2020-06-07 01:02:13.465|female|1991-05-24 00:00:00|Indonesia|Pontianak
4398046511518|Varley|false|2020-06-09 20:04:20.328|male|1990-12-04 00:00:00|India|Sion
4398046511412|Sladen|false|2020-06-10 09:52:19.475|female|1991-04-23 00:00:00|Ukraine|Kiev
4398046511741|Balakumaran|false|2020-06-11 09:23:05.629|male|1989-11-26 00:00:00|United_States|New_York_City
4398046511111|Rangayan|false|2020-06-12 00:03:53.125|female|1982-01-16 00:00:00|China|Emeishan
4398046511733|Taylor|false|2020-06-15 06:27:03.924|male|1986-05-31 00:00:00|Wales|Swansea
4398046511393|Toure|false|2020-06-16 03:10:08.295|male|1990-12-04 00:00:00|India|Indore
4398046511316|Akkari|false|2020-06-16 08:26:19.162|male|1981-05-15 00:00:00|Belgium|Canterbury
4398046511116|Svoboda|false|2020-06-19 07:25:54.508|male|1994-10-03 00:00:00|India|Aurangabad
4398046511249|Perilli|false|2020-06-24 18:41:09.631|male|1988-02-19 00:00:00|India|Patiala
4398046511240|Cistaro|false|2020-06-26 04:20:19.062|male|1992-12-11 00:00:00|Mexico|San_Pedro_Garza_García
4398046511519|Wallace|false|2020-06-26 12:29:50.489|female|1996-10-21 00:00:00|Colombia|Cartagena
4398046511104|Lomer|false|2020-06-26 14:30:07.584|female|1983-10-13 00:00:00|Peru|Distrito_de_Bellavista
4398046511553|Maguire|false|2020-06-27 12:31:27.738|male|1998-12-15 00:00:00|United_States|Austin
4398046511888|Udovenko|false|2020-06-29 17:11:46.906|male|1981-12-18 00:00:00|India|Patna
4398046511722|Ballante|false|2020-06-30 02:13:10.711|male|1991-11-29 00:00:00|Sweden|Uppsala
4398046511760|Barry|false|2020-07-03 14:02:42.209|female|1997-01-31 00:00:00|India|Dehradun
4398046511749|Rogovin|false|2020-07-03 21:42:56.138|female|1994-10-08 00:00:00|Belarus|Brest
4398046511838|Starck|false|2020-07-04 16:12:04.099|female|1989-08-15 00:00:00|Kenya|Kitale
4398046511622|Flachi|false|2020-07-05 11:45:45.668|female|1987-11-30 00:00:00|Philippines|San_Miguel
4398046511663|Leskanich|false|2020-07-05 15:35:21.853|male|1995-02-13 00:00:00|India|Jodhpur
4398046511878|Lister|false|2020-07-06 09:24:26.313|female|1983-10-08 00:00:00|Madagascar|Antananarivo
4398046511504|Rossano|false|2020-07-09 22:24:10.743|male|1994-10-07 00:00:00|United_States|Cleveland
4398046511407|Valderrama|false|2020-07-11 12:18:11.364|female|1985-01-14 00:00:00|Colombia|Manizales
4398046511258|Nouvel|false|2020-07-11 18:01:59.054|male|1988-05-21 00:00:00|India|Anand
4398046511778|Pigaut|false|2020-07-13 19:00:50.16|female|1985-01-15 00:00:00|Philippines|Cagayan_de_Oro
4398046511296|Kruk|false|2020-07-14 09:48:48.105|female|1986-09-06 00:00:00|India|Bihar
4398046511689|Blatt|false|2020-07-14 13:39:15.929|male|1994-05-29 00:00:00|India|Hyderabad
4398046511865|Jez|false|2020-07-14 16:22:27.807|female|1981-01-05 00:00:00|Brazil|Salvador
4398046511226|Valeri|false|2020-07-17 10:57:27.751|male|1998-05-26 00:00:00|Vietnam|Tam_Kỳ
4398046511725|Markov|false|2020-07-17 19:43:58.136|male|1985-03-10 00:00:00|China|Chaozhou
4398046511439|Airisto|false|2020-07-19 00:46:56.142|female|1999-07-24 00:00:00|China|Pudong
4398046511629|Alleman|false|2020-07-23 06:32:20.527|male|1980-11-07 00:00:00|South_Korea|Yongin
4398046511696|Hoop Scheffer|false|2020-07-23 23:27:36.923|male|1992-06-23 00:00:00|Brazil|Bagé
4398046511816|Boese|false|2020-07-25 07:42:06.267|female|1999-03-13 00:00:00|Mexico|Santa_Catarina
4398046511208|Joseph I|false|2020-07-27 08:22:07.373|male|1986-07-12 00:00:00|South_Africa|Mthatha
4398046511738|Sheahan|false|2020-07-27 14:31:03.2|male|1999-09-05 00:00:00|Sri_Lanka|Kandy
4398046511457|Duyn|false|2020-07-28 06:45:06.842|female|1987-08-30 00:00:00|Egypt|Bilbeis
4398046511149|Trussoni|false|2020-07-30 15:19:20.78|female|1980-02-24 00:00:00|United_Kingdom|Bristol
4398046511885|Dascenzo|false|2020-08-05 12:14:52.268|female|1998-06-18 00:00:00|Indonesia|Yogyakarta
4398046511113|Laurance|false|2020-08-07 22:02:40.262|male|1994-04-16 00:00:00|Cuba|Marianao
4398046511588|Torres Bodet|false|2020-08-10 10:00:20.78|male|1991-05-04 00:00:00|China|Benxi
4398046511120|Dickie|false|2020-08-11 17:00:54.627|female|1986-06-22 00:00:00|India|Palakkad
4398046511308|Dolpico Lerner|false|2020-08-11 23:58:51.121|female|1987-06-30 00:00:00|Brazil|Pelotas
4398046511731|Blissett|false|2020-08-12 12:49:45.244|female|1992-04-08 00:00:00|China|Tianjin
4398046511409|Kwong|false|2020-08-13 22:04:25.838|female|1992-01-28 00:00:00|Mexico|Montemorelos
6597069767060|Gil|false|2020-08-16 07:40:08.784|male|1989-03-19 00:00:00|India|Loni
6597069766721|Janson|false|2020-08-22 16:25:45.39|female|1984-10-22 00:00:00|China|Cangzhou
6597069767428|Boehm|false|2020-08-23 11:43:20.694|male|1991-05-30 00:00:00|Brazil|Campos_dos_Goytacazes
6597069767446|Zou|false|2020-08-23 13:53:31.057|male|1999-10-09 00:00:00|Kenya|Thika
6597069767131|Nawrocka|false|2020-08-25 12:05:17.08|male|1988-05-22 00:00:00|China|Da'an
6597069767450|Plommer|false|2020-08-27 11:07:46.273|female|1996-09-13 00:00:00|Afghanistan|Asadabad
6597069766803|Helme|false|2020-08-30 08:42:35.369|female|1998-11-19 00:00:00|Netherlands|Amsterdam
6597069766895|Gubenko|false|2020-08-31 18:53:16.425|male|1996-12-17 00:00:00|Kenya|Machakos
6597069766911|Wentworth-Shields|false|2020-09-01 00:54:20.953|female|1984-10-26 00:00:00|Jordan|Amman
6597069766712|Stoudenmire|false|2020-09-01 11:20:23.223|male|1987-07-09 00:00:00|Germany|Konstanz
6597069767219|Gibbs|false|2020-09-04 02:55:35.515|female|1981-07-14 00:00:00|Thailand|Nakhon_Pathom_Province
6597069766722|Chan|false|2020-09-04 14:57:39.894|female|1988-04-11 00:00:00|Netherlands|Groningen
6597069766957|Godfrey|false|2020-09-06 01:37:13.755|male|1997-08-03 00:00:00|Brazil|Campo_Grande
6597069766687|Mackillip|false|2020-09-06 04:32:41.168|female|1987-02-14 00:00:00|India|Aizawl
6597069766822|Labrosse|false|2020-09-09 23:11:56.863|female|1998-02-03 00:00:00|Philippines|Laoag
6597069767178|Schriever|false|2020-09-10 11:58:43.208|female|1999-04-02 00:00:00|China|Guangzhou
6597069766941|Tupper|false|2020-09-10 20:51:12.932|female|1995-09-08 00:00:00|Peru|Chosica,Lima
6597069767393|Lee|false|2020-09-11 14:57:39.257|female|1981-01-13 00:00:00|Germany|Augsburg
6597069767337|Clement|false|2020-09-12 02:09:21.642|female|1983-07-17 00:00:00|Germany|Mainz
6597069767021|Englert|false|2020-09-13 03:19:52.222|male|1984-07-21 00:00:00|Sri_Lanka|Ratmalana_Airport
6597069767069|Natan-Zada|false|2020-09-13 04:06:05.784|male|1980-03-19 00:00:00|Romania|Constanța
6597069766923|Bride|false|2020-09-14 23:56:38.598|female|1985-06-27 00:00:00|Japan|Chikusa-ku
6597069767083|Barker|false|2020-09-16 23:17:05.987|female|1980-09-05 00:00:00|China|Beibei_District
6597069767391|Dinklage|false|2020-09-17 16:13:26.701|female|1984-01-12 00:00:00|Belgium|Liège
6597069766739|Nussbaum|false|2020-09-17 22:48:54.104|male|1998-07-10 00:00:00|Ethiopia|Mettu
6597069766852|Staudegg|false|2020-09-19 11:39:01.91|female|1995-04-05 00:00:00|Democratic_Republic_of_the_Congo|Bandundu
6597069766903|Hampl|false|2020-09-19 13:49:04.709|female|1982-01-17 00:00:00|Indonesia|Magelang
6597069766773|Naughton|false|2020-09-19 20:27:28.909|female|1984-08-07 00:00:00|Democratic_Republic_of_the_Congo|Bas-Congo
6597069767142|List|false|2020-09-21 07:36:06.737|female|1997-01-21 00:00:00|China|Dehui
6597069766753|Baggesen|false|2020-09-21 21:58:11.822|male|1984-02-09 00:00:00|Chad|ChadCity
6597069767243|Wetch|false|2020-09-23 09:10:45.443|male|1988-08-14 00:00:00|Tanzania|Mbeya
6597069766775|Sokolova|false|2020-09-24 13:40:25.891|male|1986-07-07 00:00:00|Vietnam|Tân_An
6597069766847|Mitani|false|2020-09-24 19:31:22.329|female|1994-05-25 00:00:00|Romania|Iași
6597069767323|Banachiewicz|false|2020-09-25 11:18:23.94|male|1982-06-07 00:00:00|Netherlands|Maastricht
6597069767003|Praed|false|2020-09-26 03:10:33.894|female|1989-03-15 00:00:00|Wales|Swansea
6597069766679|Slimane|false|2020-09-26 14:21:29.872|female|1995-09-13 00:00:00|Tanzania|Mzumbe_morogoro
6597069767000|Zof|false|2020-09-28 20:51:16.638|female|1986-05-03 00:00:00|Cameroon|Bamenda
6597069767047|Joseph|false|2020-09-29 16:40:08.847|female|1982-05-05 00:00:00|India|Maharashtra
6597069767294|Dobson|false|2020-09-30 06:31:39.225|male|1980-02-19 00:00:00|Algeria|Algiers
6597069766951|Saban|false|2020-10-05 04:50:49.653|female|1988-07-17 00:00:00|India|Bilaspur
6597069767315|Dogar|false|2020-10-08 21:37:43.268|female|1990-09-22 00:00:00|Nepal|Kirtipur
6597069767130|Gorog|false|2020-10-09 03:03:50.34|male|1997-01-18 00:00:00|China|Nanchang
6597069766820|Slovik|false|2020-10-09 05:47:56.714|male|1998-05-02 00:00:00|Australia|Sydney
6597069767055|Nnamdi|false|2020-10-10 18:08:28.287|male|1998-11-10 00:00:00|India|Salem
6597069766877|Schubach|false|2020-10-11 02:50:06.931|female|1989-02-08 00:00:00|India|Krishnanagar
6597069767376|Gunaratana|false|2020-10-11 19:38:08.018|male|1994-07-08 00:00:00|Japan|Nisshin
6597069767360|Devedjian|false|2020-10-14 16:58:03.731|male|1991-11-02 00:00:00|Mexico|Campeche
6597069767300|Torre|false|2020-10-15 04:21:34.392|male|1988-06-26 00:00:00|Iran|Shiraz
6597069766809|Escala|false|2020-10-17 12:01:01.788|female|1996-02-08 00:00:00|Peru|Trujillo
6597069767234|Testoni|false|2020-10-18 03:52:33.46|male|1988-08-01 00:00:00|India|Thiruvananthapuram
6597069767229|Caprioli|false|2020-10-22 10:31:15.708|male|1991-02-16 00:00:00|Tunisia|Monastir
6597069767043|Malvar|false|2020-10-23 04:45:55.473|female|1990-10-25 00:00:00|South_Africa|Cape_Town
6597069766710|Milonoff|false|2020-10-23 17:13:57.13|female|1980-05-23 00:00:00|Greece|Kalamata
6597069766839|McGlory|false|2020-10-24 04:26:11.04|male|1998-05-22 00:00:00|Burma|Taungoo_Township
6597069767198|Gooch|false|2020-10-27 08:27:27.686|male|1997-01-06 00:00:00|Laos|Vientiane
8796093022214|Haddish|false|2020-11-01 02:22:59.907|female|1983-02-20 00:00:00|India|Ujjain
8796093022702|Jah|false|2020-11-04 20:40:34.039|male|1991-07-19 00:00:00|India|Bhilai
8796093022474|Pääjärvi-Svensson|false|2020-11-06 18:31:57.256|female|1997-11-23 00:00:00|China|Nanning
8796093022370|Perez|false|2020-11-07 04:03:25.996|male|1988-09-08 00:00:00|Germany|Flensburg
8796093022714|Night|false|2020-11-07 07:34:32.854|male|1983-08-08 00:00:00|South_Korea|Andong
8796093022585|Krein|false|2020-11-07 08:12:46.256|female|1986-06-08 00:00:00|Argentina|Córdoba
8796093022710|Bologna|false|2020-11-08 19:45:19.395|male|1986-01-22 00:00:00|United_States|Nashville
8796093022482|Litchfield|false|2020-11-10 00:19:06.061|female|1983-12-22 00:00:00|Sweden|Borås
8796093022827|Caan|false|2020-11-10 09:14:28.023|male|1987-06-03 00:00:00|Brazil|Guanhães
8796093022309|Novi|false|2020-11-10 17:47:15.936|female|1990-02-13 00:00:00|China|Changge
8796093022410|Squires|false|2020-11-12 04:29:33.952|male|1987-08-10 00:00:00|Czech_Republic|Liberec
8796093022559|Antoniou|false|2020-11-14 16:30:17.848|male|1988-10-20 00:00:00|China|Bole
8796093022481|Koolhaas|false|2020-11-15 15:00:50.021|female|1991-10-26 00:00:00|South_Korea|Suwon
8796093022226|Ticinovic|false|2020-11-16 16:36:52.188|female|1998-04-16 00:00:00|Moldova|Bender
8796093022752|Morzone|false|2020-11-17 01:46:42.648|female|1989-05-11 00:00:00|Mexico|Campeche
8796093022326|Yuguchi|false|2020-11-17 01:55:05.754|female|1999-04-09 00:00:00|Cambodia|Siem_Reap
8796093022496|Redman|false|2020-11-19 06:35:12.023|male|1999-02-14 00:00:00|Philippines|Manila
8796093022737|Truitt|false|2020-11-20 00:19:59.935|female|1993-05-13 00:00:00|India|Haldia
8796093022799|Baranova|false|2020-11-20 09:01:24.339|female|1993-12-30 00:00:00|Germany|Koblenz
8796093022698|Priest|false|2020-11-20 10:30:22.676|male|1995-01-07 00:00:00|Brazil|Belo_Horizonte
8796093022354|Idelson|false|2020-11-20 21:01:39.836|male|1991-08-29 00:00:00|Mexico|Jiquilpan
8796093022896|Winterbottom|false|2020-11-21 05:21:00.709|male|1981-09-10 00:00:00|Japan|Shibuya
8796093022587|Raduljica|false|2020-11-21 09:39:50.943|male|1997-02-23 00:00:00|Cameroon|Buea
8796093022495|Li Tim-Oi|false|2020-11-22 05:10:56.175|male|1983-11-03 00:00:00|India|Gwalior
8796093022643|Talay|false|2020-11-22 07:38:05.568|male|1990-05-27 00:00:00|Senegal|Thies
8796093022526|Salcedo|false|2020-11-22 11:23:12.778|female|1992-02-17 00:00:00|Russia|Irkutsk
8796093022774|Giambelli|false|2020-11-22 17:24:04.246|female|1999-01-14 00:00:00|Indonesia|Tarakan
8796093022346|Macgroarty|false|2020-11-23 03:12:34.941|female|1989-04-09 00:00:00|England|Durham
8796093022813|McLaren|false|2020-11-23 03:38:28.366|female|1981-08-17 00:00:00|England|Manchester
8796093022687|Terrell|false|2020-11-27 04:55:32.36|female|1980-06-29 00:00:00|India|Visakhapatnam
8796093022479|Behad|false|2020-11-29 20:27:02.558|female|1999-07-03 00:00:00|India|Vellore
8796093022574|Fereday|false|2020-12-01 00:02:31.055|female|1992-11-07 00:00:00|Mexico|Querétaro
8796093022236|Ramel|false|2020-12-01 11:25:08.515|female|1984-03-10 00:00:00|Australia|Canberra
8796093022693|Wolff|false|2020-12-02 15:18:46.551|male|1990-09-24 00:00:00|Indonesia|Bangkalan
8796093022425|Mellows|false|2020-12-03 02:44:15.296|female|1988-04-25 00:00:00|Thailand|Chiang_Mai
8796093022778|Baloo|false|2020-12-04 10:39:36.063|female|1993-10-20 00:00:00|Japan|Bunkyo
8796093022401|Hubertus Of Saxe-Coburg And Gotha|false|2020-12-05 04:55:49.468|female|1982-01-01 00:00:00|Japan|Kyoto
8796093022430|Munguia|false|2020-12-05 17:44:55.578|male|1988-08-08 00:00:00|China|Xinzheng
8796093022416|Ohkawa|false|2020-12-06 18:34:30.3|female|1993-05-10 00:00:00|China|Daqing
8796093022940|Weisz|false|2020-12-09 22:18:31.409|female|1980-03-27 00:00:00|Moldova|Ungheni
8796093022409|Williamson|false|2020-12-10 03:49:48.079|female|1988-01-05 00:00:00|China|Chengdu
8796093022352|Romeo|false|2020-12-14 02:29:05.727|male|1985-07-22 00:00:00|China|Anlu
8796093022538|Pasos|false|2020-12-16 08:22:15.555|male|1987-09-19 00:00:00|Romania|Târgoviște
8796093022729|Aisner|false|2020-12-16 16:19:06.978|female|1992-09-14 00:00:00|India|Kolkata
8796093022225|Žáry|false|2020-12-20 02:41:54.908|female|1999-12-17 00:00:00|India|Kolkata
8796093022820|Blatchley|false|2020-12-22 23:09:03.91|male|1995-02-23 00:00:00|Colombia|Bucaramanga
8796093022747|Jacoby|false|2020-12-27 16:06:56.372|female|1995-01-04 00:00:00|India|Gandhinagar
8796093022388|Moreno Arazandi|false|2020-12-28 17:08:46.135|female|1998-04-07 00:00:00|Ethiopia|Awasa
8796093022629|Elias|false|2020-12-30 16:49:57.603|male|1996-04-01 00:00:00|Kazakhstan|Taraz
8796093022359|Guidolin|false|2020-12-30 23:11:59.788|female|1986-04-06 00:00:00|China|Fuzhou,
8796093022734|Hiltermann|false|2021-01-01 20:34:58.859|male|1983-03-09 00:00:00|Indonesia|Jambi_City
8796093022417|Wordsworth|false|2021-01-03 02:03:10.68|female|1987-11-24 00:00:00|China|Gaoyao
8796093022218|Cardenas|false|2021-01-05 15:42:13.851|male|1996-03-17 00:00:00|China|Zhuhai
8796093022387|Cleeve|false|2021-01-07 09:44:33.489|female|1999-01-31 00:00:00|China|Mbabane
8796093022546|Edwardes|false|2021-01-08 06:45:05.992|female|1986-04-27 00:00:00|China|Baoji
8796093022700|Ding|false|2021-01-10 04:03:45.241|female|1983-06-25 00:00:00|China|Gongyi
8796093023003|Szczyglo|false|2021-01-11 01:28:01.058|female|1983-03-18 00:00:00|United_States|Gainesville
8796093022566|Ewings|false|2021-01-11 23:19:57.571|male|1994-05-25 00:00:00|China|Conghua
8796093022782|Moncrief|false|2021-01-12 22:55:02.016|male|1997-02-01 00:00:00|Hungary|Debrecen
10995116278183|Roman|false|2021-01-14 01:30:23.858|female|1992-07-26 00:00:00|India|Jaipur
10995116278272|Gutierrez Ortiz|false|2021-01-16 05:59:43.305|female|1993-04-16 00:00:00|Morocco|Marrakech
10995116277848|Ashina|false|2021-01-19 07:16:28.498|female|1996-05-31 00:00:00|Turkey|Kadıköy
10995116278510|Morrissy|false|2021-01-20 01:44:16.15|male|1998-04-05 00:00:00|Mexico|Antón_Lizardo
10995116277978|Gotch|false|2021-01-24 07:58:32.426|female|1980-05-18 00:00:00|Russia|Barnaul
10995116278290|Mealing|false|2021-01-24 11:21:33.766|female|1997-03-16 00:00:00|Italy|Pavia
10995116278346|Shull|false|2021-01-24 22:00:49.328|female|1999-07-02 00:00:00|China|Bozhou
10995116277884|Roba|false|2021-01-27 16:08:46.16|male|1995-01-27 00:00:00|China|Fuyang
10995116278005|Hanstveit|false|2021-01-27 17:11:07.48|male|1996-04-19 00:00:00|Nepal|Pokhara
10995116277850|Bengtsson|false|2021-01-27 22:25:14.637|female|1991-08-15 00:00:00|Japan|Gifu
10995116277957|Sterling|false|2021-01-28 07:24:23.053|male|1980-11-29 00:00:00|Sri_Lanka|Nugegoda
10995116278072|Roveta|false|2021-01-29 03:13:56.766|female|1993-08-02 00:00:00|Pakistan|Lahore
10995116278153|Salome|false|2021-01-30 00:59:19.523|female|1981-08-06 00:00:00|China|Deyang
10995116278106|Jelinek|false|2021-02-02 04:03:22.95|male|1988-10-19 00:00:00|India|Nagpur
10995116277834|Kao|false|2021-02-02 07:40:56.55|female|1991-01-18 00:00:00|Algeria|Guelma
10995116277854|Gomez|false|2021-02-11 15:30:57.204|female|1982-05-31 00:00:00|Yemen|Al_Hudaydah
10995116278292|Corkill|false|2021-02-12 05:11:22.755|female|1998-10-14 00:00:00|China|Da'an
10995116278450|Reyes|false|2021-02-14 09:43:10.496|female|1982-03-14 00:00:00|Mexico|Campeche
10995116278230|Krawczyk|false|2021-02-15 09:18:00.579|female|1996-09-27 00:00:00|Poland|Poznań
10995116278204|Hawker|false|2021-02-15 20:22:27.93|male|1986-01-05 00:00:00|Philippines|Cavite_City
10995116278549|Shull|false|2021-02-19 21:09:35.044|male|1990-04-02 00:00:00|China|Nanjing
10995116277985|Gonzalez Inarritu|false|2021-02-21 21:47:08.642|male|1998-11-29 00:00:00|Vietnam|Phan_Rang–Tháp_Chàm
10995116277915|Kapompole|false|2021-02-26 10:50:35.002|male|1995-11-11 00:00:00|United_Kingdom|Liverpool
10995116278493|Delbonnel|false|2021-02-26 15:07:13.914|male|1995-12-12 00:00:00|Kazakhstan|Pavlodar
10995116278101|Biron|false|2021-02-27 03:05:42.775|female|1995-04-29 00:00:00|Kenya|Nakuru
10995116278498|Cools|false|2021-02-27 09:18:10.843|male|1996-11-03 00:00:00|Croatia|Zagreb
10995116278188|Vrba|false|2021-02-27 17:31:26.51|male|1986-09-20 00:00:00|China|Da'an
10995116278363|Deutch|false|2021-02-28 18:36:54.763|male|1982-06-30 00:00:00|Poland|Warsaw
10995116277974|Bruehl|false|2021-03-02 11:33:29.714|female|1984-01-26 00:00:00|Kenya|Eldoret
10995116277833|Rothery|false|2021-03-03 13:36:36.687|female|1985-01-23 00:00:00|Cambodia|Kampong_Speu
10995116278255|Knowles|false|2021-03-04 21:12:29.446|female|1994-09-24 00:00:00|Ethiopia|Mek'ele
10995116277894|Tarif|false|2021-03-05 00:45:06.916|female|1982-04-05 00:00:00|Philippines|Pasay
10995116277958|Eboki Poh|false|2021-03-05 11:48:03.204|male|1999-02-17 00:00:00|Argentina|Rosario
10995116278271|Parsa|false|2021-03-09 00:04:14.427|female|1989-09-06 00:00:00|Poland|Poznań
10995116277851|Levy|false|2021-03-09 13:37:43.868|male|1999-11-20 00:00:00|Madagascar|Fianarantosa
10995116278385|Talamayan|false|2021-03-10 16:44:12.024|female|1983-08-16 00:00:00|Philippines|Legazpi
10995116278112|Ricchiuti|false|2021-03-10 18:10:15.602|male|1983-02-03 00:00:00|Philippines|Roxas
10995116278182|Prandtl|false|2021-03-18 08:16:35.014|female|1983-08-23 00:00:00|China|Binzhou
10995116278131|Grahame|false|2021-03-21 09:34:52.599|female|1984-11-12 00:00:00|Cuba|Ciego_de_Ávila
10995116278421|Bonnot|false|2021-03-21 09:54:43.549|female|1980-12-29 00:00:00|Sweden|Örebro
10995116278277|Varchetta|false|2021-03-22 14:17:10.984|male|1980-04-14 00:00:00|Kenya|Kitengela
10995116277827|Arbus|false|2021-03-24 10:24:36.509|male|1985-09-21 00:00:00|Algeria|El_Harrach
10995116278540|Holden|false|2021-03-24 17:25:37.634|female|1992-02-08 00:00:00|Japan|Shimonoseki
10995116278165|Stack|false|2021-03-24 22:56:58.772|male|1996-07-27 00:00:00|China|Fuyang
10995116278547|Moo|false|2021-03-26 11:04:40.416|male|1998-01-01 00:00:00|China|Anda
10995116278168|Telek|false|2021-03-27 22:06:43.186|female|1984-08-10 00:00:00|Singapore|SingaporeCity
10995116278362|Brodeur|false|2021-03-28 11:03:13.801|male|1999-07-12 00:00:00|India|Palayamkottai
13194139533542|Rickards|false|2021-03-30 11:17:06.189|female|1986-05-09 00:00:00|Pakistan|Jamshoro
13194139533470|Weekers|false|2021-04-01 10:17:37.944|female|1992-03-05 00:00:00|Algeria|Oran
13194139533795|Jago|false|2021-04-01 13:04:42.148|male|1986-07-13 00:00:00|England|Manchester
13194139533486|Magnuson|false|2021-04-04 18:16:05.418|female|1995-06-28 00:00:00|Mexico|Querétaro
13194139533549|Antić|false|2021-04-05 05:32:35.914|male|1982-01-07 00:00:00|Chile|Antofagasta
13194139534039|Almeyda|false|2021-04-05 12:02:27.191|male|1999-03-29 00:00:00|Romania|Oradea
13194139534017|Casady|false|2021-04-05 16:51:21.837|female|1997-06-25 00:00:00|India|Barasat
13194139533522|Bisla|false|2021-04-06 21:35:37.432|female|1992-03-05 00:00:00|India|Namakkal
13194139533445|Jeffre|false|2021-04-07 11:55:51.28|male|1985-08-27 00:00:00|Brazil|Guanhães
13194139533765|Fuente|false|2021-04-07 14:15:03.673|female|1986-08-18 00:00:00|Malta|San_Gwann
13194139533843|Griffith|false|2021-04-09 20:25:27.799|female|1987-10-17 00:00:00|Germany|Ingolstadt
13194139533398|Nnanna|false|2021-04-10 17:17:00.746|female|1980-09-06 00:00:00|Italy|Pavia
13194139534088|Lord|false|2021-04-11 01:58:10.597|male|1980-03-24 00:00:00|South_Korea|Gwangju
13194139534056|Shem-Tov|false|2021-04-13 01:27:36.357|male|1989-03-18 00:00:00|Germany|Mannheim
13194139534021|Tutmarc|false|2021-04-14 06:09:41.06|male|1996-10-22 00:00:00|France|Montpellier
13194139534080|Healy|false|2021-04-15 03:17:04.835|female|1995-10-03 00:00:00|Mexico|Montemorelos
13194139533380|Garza|false|2021-04-18 06:41:53.994|female|1989-07-19 00:00:00|China|Gaoping
13194139533693|Ferebee|false|2021-04-18 23:56:06.279|female|1983-09-19 00:00:00|Pakistan|Surat,India
13194139533750|Monaghan|false|2021-04-19 01:55:57.788|female|1996-08-15 00:00:00|Brazil|Ribeirão_Preto
13194139533553|Sun|false|2021-04-20 13:05:49.362|male|1990-01-25 00:00:00|Japan|Niigata
13194139534013|Bremer|false|2021-04-20 23:53:29.576|female|1990-12-25 00:00:00|United_States|Pittsburgh
13194139533594|Mariani|false|2021-04-22 19:05:17.219|female|1990-10-24 00:00:00|Indonesia|Badung_Regency
13194139533432|Enrile|false|2021-04-23 02:46:33.472|male|1985-05-07 00:00:00|India|Davangere
13194139533649|Sundquist|false|2021-04-23 22:59:15.391|male|1994-09-01 00:00:00|India|Patiala
13194139533817|Mauss|false|2021-04-24 16:14:36.544|male|1993-07-14 00:00:00|Indonesia|Badung_Regency
13194139534059|Johannesson|false|2021-04-25 06:23:08.857|male|1989-09-18 00:00:00|Czech_Republic|Olomouc
13194139533907|Tsoi|false|2021-04-26 13:54:36.244|female|1990-03-24 00:00:00|Mexico|Tlalpan
13194139533667|Karimov|false|2021-04-27 10:19:33.885|male|1982-05-03 00:00:00|South_Korea|Seongbuk-gu
13194139533947|Dunant|false|2021-04-29 14:10:11.926|female|1987-09-26 00:00:00|Dominican_Republic|Santo_Domingo
13194139533481|Link|false|2021-04-29 19:01:53.474|male|1995-06-05 00:00:00|England|Leicester
13194139534019|Griffiths|false|2021-04-30 12:11:28.038|female|1996-12-19 00:00:00|India|Bidar
13194139533515|Eisner|false|2021-04-30 16:12:17.867|male|1985-05-16 00:00:00|China|Duyun
13194139534054|Bassey|false|2021-05-02 03:39:41.054|male|1993-02-20 00:00:00|China|Macau
13194139533686|Savickas|false|2021-05-06 02:13:30.931|female|1990-08-19 00:00:00|Spain|Valencia
13194139533468|Siers|false|2021-05-11 23:34:51.594|male|1981-09-16 00:00:00|Argentina|Buenos_Aires
13194139533696|Caro|false|2021-05-12 07:52:55.178|male|1987-06-18 00:00:00|Ukraine|Kiev
13194139533350|Meisel|false|2021-05-14 01:16:02.652|male|1987-08-17 00:00:00|Mauritius|Moka
13194139533348|Carnwath|false|2021-05-15 09:54:36.163|male|1983-12-12 00:00:00|China|Deyang
13194139533361|Frier|false|2021-05-15 14:20:45.047|male|1984-06-22 00:00:00|China|Qiqihar
13194139533389|Portzamparc|false|2021-05-16 04:35:00.579|female|1997-11-28 00:00:00|Portugal|Faro
13194139533901|Kalvitis|false|2021-05-17 02:27:03.253|male|1998-10-21 00:00:00|Sri_Lanka|Nugegoda
13194139533768|Mela|false|2021-05-18 17:40:12.087|male|1998-09-29 00:00:00|India|English_Bazar
13194139533690|Sharipova|false|2021-05-18 23:12:26.796|female|1985-07-19 00:00:00|Iran|Zanjan
13194139534015|Torres|false|2021-05-20 15:43:25.113|female|1987-03-30 00:00:00|India|Shibpur
13194139533662|McCollough|false|2021-05-22 21:59:05.559|male|1985-11-14 00:00:00|India|Sambalpur
13194139533780|Parkinson|false|2021-05-23 12:38:12.022|female|1993-08-18 00:00:00|Pakistan|Taxila
13194139533676|Lohikoski|false|2021-05-23 17:43:40.12|male|1980-08-25 00:00:00|China|Dandong
13194139533762|Morrisseau|false|2021-05-25 14:52:21.994|male|1980-09-18 00:00:00|Venezuela|Sucre
13194139533687|Billington|false|2021-05-27 08:17:36.949|male|1986-04-13 00:00:00|India|Shimoga
13194139533558|Hawke|false|2021-05-30 08:10:30.614|female|1981-04-14 00:00:00|China|Kaohsiung
13194139533863|Peuhu|false|2021-05-31 22:59:33.28|male|1989-06-15 00:00:00|Japan|Aichi_Prefecture
13194139533845|Chacon|false|2021-06-02 09:33:39.026|male|1997-07-18 00:00:00|Brazil|João_Monlevade
13194139533489|Elliot|false|2021-06-03 04:52:29.63|male|1993-04-15 00:00:00|Democratic_Republic_of_the_Congo|Boma
13194139533426|Karamanlis|false|2021-06-03 12:16:36.65|male|1997-08-06 00:00:00|England|Manchester
13194139533475|Goode|false|2021-06-04 15:52:37.626|female|1981-09-30 00:00:00|Greece|Kozani
13194139533556|Senzaki|false|2021-06-05 10:16:47.043|male|1997-06-20 00:00:00|Philippines|Malate
13194139533860|Tierney|false|2021-06-07 02:48:57.355|female|1984-12-24 00:00:00|China|Fengzhen
13194139533370|Volska|false|2021-06-08 15:40:20.508|male|1987-11-02 00:00:00|Denmark|Copenhagen
13194139533372|Gaim|false|2021-06-10 14:36:54.03|female|1991-12-30 00:00:00|Philippines|Angeles
15393162789064|Bouchez|false|2021-06-13 10:38:59|female|1989-04-14 00:00:00|Russia|Magnitogorsk
15393162789107|Duquette|false|2021-06-15 15:25:25.352|male|1988-07-27 00:00:00|Libya|Benghazi
15393162789021|Tucci|false|2021-06-19 07:23:46.107|male|1995-01-09 00:00:00|Morocco|Sale
15393162788890|Ilsanker|false|2021-06-20 16:55:08.167|male|1992-02-17 00:00:00|Ukraine|Luhansk
15393162789118|Morant|false|2021-06-21 20:36:46.572|male|1993-11-25 00:00:00|Niger|Agadez
15393162789550|Mactiernan|false|2021-06-22 04:07:30.978|male|1997-02-15 00:00:00|China|Chibi
15393162789365|Asuncion|false|2021-06-22 23:00:29.929|female|1981-08-20 00:00:00|Vietnam|Tam_Kỳ
15393162789558|Abdelli|false|2021-06-22 23:39:03.226|male|1993-01-26 00:00:00|Poland|Kraków
15393162789080|Raisa|false|2021-06-28 02:30:10.624|male|1987-02-26 00:00:00|India|Tirunelveli
15393162789333|Vandooren|false|2021-06-30 00:07:52.851|female|1984-07-27 00:00:00|Yemen|Al_Mukalla
15393162789298|Rodriguez|false|2021-06-30 09:47:38.375|male|1986-03-13 00:00:00|China|Bei'an
15393162789615|Hand|false|2021-07-01 10:49:52.83|female|1994-09-10 00:00:00|Greece|Athens
15393162789629|Komroff|false|2021-07-02 15:42:40.939|female|1987-09-25 00:00:00|India|Visakhapatnam
15393162788939|LuaLua|false|2021-07-03 09:27:21.577|male|1988-11-24 00:00:00|Brazil|Brasília
15393162789480|Lalah|false|2021-07-08 18:06:38.054|female|1985-04-24 00:00:00|India|Kolkata
15393162788943|Coage|false|2021-07-11 03:44:24.515|male|1995-08-27 00:00:00|Vietnam|Biên_Hòa
15393162789296|Holmer|false|2021-07-13 18:30:46.705|female|1987-06-13 00:00:00|China|Dazhou
15393162789477|Bartosik|false|2021-07-15 01:00:41.459|female|1982-04-04 00:00:00|China|Harbin
15393162789144|Nowell|false|2021-07-15 03:36:47.81|male|1986-04-13 00:00:00|India|Dum_Dum
15393162789436|Beard|false|2021-07-16 00:56:19.476|female|1983-10-29 00:00:00|Czech_Republic|Prague
15393162789544|Ball|false|2021-07-20 05:38:33.576|female|1998-03-07 00:00:00|Netherlands|Utrecht
15393162789129|Verhoeven|false|2021-07-25 01:24:43.328|male|1988-10-21 00:00:00|Argentina|Various
15393162789590|Steed|false|2021-07-26 02:16:01.3|female|1986-11-12 00:00:00|India|Anantapur
15393162789643|Rasso Of Bavaria|false|2021-07-27 11:41:20.418|female|1982-10-15 00:00:00|India|Kerala
15393162789580|Jöhncke|false|2021-07-27 21:48:13.258|male|1985-10-14 00:00:00|Indonesia|Makassar
15393162789617|Dalpuget|false|2021-07-29 17:07:11.06|female|1983-08-17 00:00:00|Japan|Akita_City
15393162789098|Caine|false|2021-07-31 01:20:27.865|male|1994-06-10 00:00:00|India|Jorhat
15393162789417|Rodgers|false|2021-08-01 05:12:58.151|male|1982-12-30 00:00:00|Vietnam|Hung_Yen_province
15393162789511|Recha|false|2021-08-03 16:02:11.115|male|1988-11-25 00:00:00|Tunisia|La_Marsa
15393162789261|Peca|false|2021-08-03 22:56:38.287|male|1997-01-10 00:00:00|Poland|Radom
15393162789563|Jakubowska|false|2021-08-06 12:21:55.946|male|1988-04-12 00:00:00|India|Barrackpore
15393162788995|Kokkinaki|false|2021-08-06 15:05:30.517|female|1994-01-19 00:00:00|Vietnam|Da_Nang
15393162789168|Ashworth|false|2021-08-07 12:57:34.049|female|1991-03-09 00:00:00|Germany|Othmarschen
15393162789579|Easterbrook|false|2021-08-08 06:24:07.978|female|1993-05-06 00:00:00|Malaysia|Shah_Alam
15393162789372|Greif|false|2021-08-10 00:26:27.17|female|1995-10-01 00:00:00|Indonesia|Yogyakarta
15393162789200|Graydon|false|2021-08-10 01:09:45.955|male|1996-08-15 00:00:00|China|Dalian
15393162789505|Maropi|false|2021-08-10 14:18:17.869|male|1993-09-17 00:00:00|India|Gandhinagar
15393162789183|Klivnov|false|2021-08-11 03:14:27.651|female|1989-03-08 00:00:00|China|Cixi
15393162789420|Castro|false|2021-08-11 23:12:04.418|male|1993-10-28 00:00:00|India|Jalpaiguri
15393162789344|Oh|false|2021-08-12 16:16:59.763|male|1997-01-22 00:00:00|Mexico|Tlatelolco
15393162788906|Crouse|false|2021-08-13 09:01:15.014|male|1993-03-18 00:00:00|Chile|Iquique
15393162789657|Coll|false|2021-08-13 18:13:09.495|female|1995-06-04 00:00:00|Mexico|Oaxaca
15393162789311|Yilmaz|false|2021-08-15 00:53:41.779|female|1998-04-06 00:00:00|Japan|Aichi_Prefecture
15393162789283|Kellman|false|2021-08-17 16:39:29.639|female|1996-12-25 00:00:00|Tanzania|Dodoma
15393162788925|Metter|false|2021-08-19 10:48:06.274|male|1996-03-26 00:00:00|Tanzania|Dodoma
15393162789392|Filmography|false|2021-08-20 05:42:01.764|male|1993-10-27 00:00:00|Brazil|Petrópolis
15393162789327|Lacson|false|2021-08-20 09:22:14.489|female|1980-02-19 00:00:00|Philippines|Malate
15393162789225|Altavista|false|2021-08-21 18:41:48.026|female|1991-05-16 00:00:00|Germany|Munich
15393162789157|Torre|false|2021-08-22 04:01:23.721|male|1998-10-26 00:00:00|Canada|Saskatoon
15393162789155|Umeki|false|2021-08-22 13:24:57.519|female|1982-04-15 00:00:00|Vietnam|Điện_Biên_Phủ
15393162789262|Valdez|false|2021-08-23 08:31:44.631|male|1990-02-08 00:00:00|Germany|Mannheim
15393162789435|Østerholm|false|2021-08-23 20:35:50.781|female|1992-09-14 00:00:00|Senegal|Touba
15393162789164|Buchkin|false|2021-08-25 04:15:58.407|male|1989-03-20 00:00:00|Belarus|Mogilev
15393162789154|Boniadi|false|2021-08-26 00:10:09.709|male|1980-01-17 00:00:00|China|Donggang
15393162789600|Masters|false|2021-08-27 20:31:29.014|male|1999-06-29 00:00:00|China|Nanchang
17592186044438|Malone|false|2021-08-29 08:14:40.514|male|1995-08-07 00:00:00|Japan|Akita_City
17592186044846|Van Brabant|false|2021-08-30 00:30:41.193|female|1992-04-25 00:00:00|Mexico|Campeche
17592186045013|Oliva|false|2021-09-02 08:31:10.357|female|1980-07-11 00:00:00|India|Noida
17592186044592|Flockett|false|2021-09-04 07:41:26.326|male|1983-06-22 00:00:00|Pakistan|Islamabad
17592186045014|Zeidan|false|2021-09-08 08:50:55.845|male|1989-02-04 00:00:00|Japan|Nara
17592186044455|Monette|false|2021-09-08 12:23:39.477|female|1990-03-27 00:00:00|Germany|Weimar
17592186044645|Lahiri|false|2021-09-10 17:11:47.802|female|1992-05-18 00:00:00|Pakistan|New_Muslim_Town
17592186044486|Eichborn|false|2021-09-11 13:17:59.516|male|1981-04-29 00:00:00|Mexico|Santa_Catarina
17592186045172|Foot|false|2021-09-12 02:10:05.389|female|1983-04-14 00:00:00|India|Delhi
17592186045180|N'Kongue|false|2021-09-14 01:06:30.5|male|1981-06-16 00:00:00|Japan|Nara
17592186045137|Morales|false|2021-09-14 10:15:01.319|male|1996-03-03 00:00:00|India|Tirupati
17592186045069|Morgan|false|2021-09-15 09:35:26.772|female|1987-12-31 00:00:00|India|Bareilly
17592186044635|Breckenridge|false|2021-09-18 11:03:07.926|male|1984-10-03 00:00:00|Germany|Friedberg
17592186045187|Kawahara|false|2021-09-19 01:18:50.822|male|1987-08-26 00:00:00|Turkey|Eskişehir
17592186045204|Casanova|false|2021-09-20 06:56:21.256|female|1999-11-22 00:00:00|India|Thrissur
17592186044823|Yu|false|2021-09-23 01:11:05.196|male|1996-05-07 00:00:00|Vietnam|Quy_Nhơn
17592186045162|Aghdamski|false|2021-09-25 00:07:06.164|male|1990-01-23 00:00:00|Tunisia|Kairouan
17592186044575|Beshenivsky|false|2021-09-25 06:25:56.539|male|1984-06-29 00:00:00|Pakistan|Sukkur
17592186044853|Rubin|false|2021-09-26 18:39:10.208|female|1993-01-06 00:00:00|China|Changji
17592186044959|Tranter|false|2021-09-27 16:03:52.544|female|1985-09-07 00:00:00|India|Belgaum
17592186044935|Bonaiuto|false|2021-09-27 17:27:36.594|male|1997-10-18 00:00:00|Indonesia|Bengkulu
17592186044615|Horsley|false|2021-09-28 14:11:15.38|male|1986-11-30 00:00:00|Japan|Nagasaki
17592186044974|Simmonds|false|2021-09-29 07:23:34.102|female|1980-04-21 00:00:00|Laos|Vientiane
17592186044817|Grant|false|2021-09-29 14:26:23.684|female|1989-07-22 00:00:00|Venezuela|Barquisimeto
17592186044478|Greenfield|false|2021-09-30 15:45:48.896|female|1981-12-28 00:00:00|India|Vadodara
17592186044998|De Juana Garcia|false|2021-09-30 21:22:13.113|male|1980-02-07 00:00:00|Indonesia|West_Papua
17592186044622|Bauer|false|2021-10-01 15:29:44.17|female|1992-04-13 00:00:00|China|Shihezi
17592186044545|Soares|false|2021-10-03 01:21:09.738|male|1994-08-23 00:00:00|Mexico|Chihuahua
17592186044812|Mamabolo|false|2021-10-03 23:14:21.461|female|1993-05-22 00:00:00|China|Dengfeng
17592186044418|Gmeinder|false|2021-10-04 01:15:13.6|male|1994-12-01 00:00:00|India|Allahabad
17592186045178|Senewiratne|false|2021-10-04 15:25:11.007|male|1999-02-07 00:00:00|Brazil|Campos_dos_Goytacazes
17592186045044|Youngblood|false|2021-10-05 01:05:39.37|male|1989-04-12 00:00:00|China|Baicheng
17592186044714|Lister-Jones|false|2021-10-10 06:44:18.295|male|1991-04-17 00:00:00|China|Changzhou
17592186044694|Dixon|false|2021-10-10 10:46:20.685|female|1983-08-03 00:00:00|Niger|Maradi
17592186045140|Astall|false|2021-10-14 15:51:05.89|male|1997-06-13 00:00:00|China|Changzhi
17592186045087|Morgans|false|2021-10-15 03:34:11.004|male|1983-05-31 00:00:00|Moldova|Ungheni
17592186044464|Fowley|false|2021-10-16 11:09:39.602|male|1988-01-09 00:00:00|Germany|Mainz
17592186045024|Macmurdo|false|2021-10-19 03:46:20.005|female|1993-02-25 00:00:00|Portugal|Braga
17592186044441|Smy|false|2021-10-21 19:42:18.315|female|1991-05-06 00:00:00|Vietnam|Phủ_Lý
17592186044598|Blow|false|2021-10-22 10:32:01.007|female|1988-07-22 00:00:00|France|Nancy
17592186044664|Dorries|false|2021-10-22 16:32:50.308|male|1987-06-11 00:00:00|Algeria|Guelma
17592186044431|Slover|false|2021-10-24 11:03:34.413|female|1983-06-26 00:00:00|Yemen|Al_Hudaydah
17592186044882|Everett|false|2021-10-27 04:13:00.731|male|1995-01-26 00:00:00|Canada|Hamilton
17592186044852|Schirrmacher|false|2021-10-30 13:15:06.745|male|1988-06-15 00:00:00|Cameroon|Douala
17592186044516|Tsang|false|2021-11-09 02:32:08.247|male|1983-04-05 00:00:00|Tanzania|Dar_es_Salaam
17592186044583|Piper|false|2021-11-09 11:59:08.094|male|1989-09-10 00:00:00|Venezuela|Barquisimeto
17592186044488|Hisamatsu|false|2021-11-09 13:04:08.234|female|1990-07-23 00:00:00|China|Dafeng
17592186044500|Greiner|false|2021-11-09 20:29:12.871|female|1999-07-13 00:00:00|Ethiopia|Debre_Marqos
19791209300726|Rodic|false|2021-11-12 10:03:42.196|male|1993-04-05 00:00:00|Pakistan|Lahore
19791209300432|Buzzin|false|2021-11-14 10:07:59.388|male|1993-12-13 00:00:00|India|Bangalore
19791209300745|Brams|false|2021-11-14 14:20:00.378|male|1986-12-22 00:00:00|Ukraine|Mykolaiv
19791209300428|Khouth|false|2021-11-21 13:46:37.199|female|1980-02-13 00:00:00|Greece|Thessaloniki
19791209300651|Granath|false|2021-11-22 00:27:38.33|male|1992-10-30 00:00:00|Australia|Perth
19791209300691|Grove|false|2021-11-22 06:01:20.527|female|1992-04-02 00:00:00|India|Thanjavur
19791209300226|Arnold|false|2021-11-23 09:17:14.329|female|1999-11-06 00:00:00|India|Nerul
19791209300727|Bilyaletdinov|false|2021-11-24 05:09:57.132|female|1981-12-24 00:00:00|Philippines|Naga
19791209300070|Soler|false|2021-11-24 09:00:24.351|male|1993-11-01 00:00:00|Indonesia|Jakarta
19791209300659|Valdez|false|2021-11-26 04:34:13.889|female|1989-02-14 00:00:00|Germany|Augsburg
19791209300413|Fehér|false|2021-11-28 06:35:07.382|male|1985-07-26 00:00:00|India|Erode
19791209300622|Bateson|false|2021-11-28 08:51:52.722|male|1984-07-31 00:00:00|Sweden|Borås
19791209300696|Guttman|false|2021-12-04 22:56:57.941|female|1996-03-06 00:00:00|India|Kolhapur
19791209300337|Hanks|false|2021-12-08 08:04:44.565|female|1991-04-20 00:00:00|Turkey|Gebze
19791209300495|Chittell|false|2021-12-10 01:30:28.713|male|1987-11-21 00:00:00|India|Faridabad
19791209300632|Schleck|false|2021-12-10 17:28:09.992|female|1992-03-10 00:00:00|China|Nanchang
19791209300330|Keeping|false|2021-12-11 11:14:13.991|male|1992-07-22 00:00:00|Nepal|Pokhara
19791209300657|Coombs|false|2021-12-12 14:12:27.955|male|1991-01-01 00:00:00|Papua_New_Guinea|Port_Moresby
19791209300532|Frost|false|2021-12-13 14:08:37.081|male|1998-11-07 00:00:00|United_Kingdom|Bristol
19791209300300|Litjens|false|2021-12-13 23:15:35.204|male|1991-08-18 00:00:00|China|Taiyuan
19791209300551|Zabala|false|2021-12-14 18:27:59.532|male|1992-07-18 00:00:00|Brazil|Pelotas
19791209300091|Sedra|false|2021-12-14 19:06:04.845|female|1980-09-15 00:00:00|Brazil|Manaus
19791209300660|Grover-Williams|false|2021-12-15 05:10:07.352|female|1982-06-09 00:00:00|Peru|Lima
19791209300528|Dowding|false|2021-12-16 22:25:53.321|male|1998-09-26 00:00:00|Brazil|Ribeirão_Preto
19791209300513|Whitcomb|false|2021-12-21 08:24:07.733|male|1997-07-25 00:00:00|China|Deyang
19791209300194|Caesar|false|2021-12-22 08:41:43.486|male|1995-11-11 00:00:00|Slovenia|Ljubljana
19791209300634|Fleming|false|2021-12-23 11:57:13.57|male|1981-10-05 00:00:00|Egypt|Beni_Suef
19791209300707|Musashiyama|false|2021-12-24 01:56:32.768|female|1992-10-27 00:00:00|Pakistan|Faisalabad
19791209300109|Reiniks|false|2021-12-24 06:26:08.936|male|1998-07-04 00:00:00|Morocco|Agadir
19791209300374|Bolbukh|false|2021-12-24 16:49:27.614|female|1998-12-13 00:00:00|Mexico|Nuevo_Laredo
19791209300533|Nemri|false|2021-12-26 15:07:26.505|female|1992-03-02 00:00:00|India|Karnataka
19791209300379|Pilbeam|false|2021-12-31 21:58:31.768|male|1995-09-25 00:00:00|Democratic_Republic_of_the_Congo|Kananga
19791209300686|Cree|false|2022-01-01 22:20:26.385|male|1998-11-15 00:00:00|Peru|Trujillo
19791209300552|Darling|false|2022-01-02 01:50:42.992|female|1983-01-04 00:00:00|Belgium|Tonbridge
19791209300478|Carlos|false|2022-01-02 04:17:54.081|female|1987-05-23 00:00:00|India|Vadodara
19791209300350|Celeste|false|2022-01-03 21:21:20.165|female|1984-06-02 00:00:00|South_Africa|Pretoria
19791209300522|Teixeira|false|2022-01-04 00:24:33.19|female|1993-06-03 00:00:00|China|Hefei
19791209300008|Hamahang|false|2022-01-05 06:54:09.967|female|1993-03-21 00:00:00|Indonesia|Tegal_Regency
19791209300393|Mosher|false|2022-01-05 14:32:51.442|female|1991-11-12 00:00:00|Afghanistan|Puli_Khumri
19791209300572|Flory|false|2022-01-07 05:39:03.787|female|1999-06-29 00:00:00|Germany|Hamburg
19791209300063|Kokott|false|2022-01-07 12:42:17.437|female|1980-01-06 00:00:00|China|Chenzhou
19791209300163|Du Toit|false|2022-01-08 05:06:23.387|female|1987-05-03 00:00:00|Nepal|Lalitpur
19791209300080|Zola|false|2022-01-08 23:34:45.567|female|1999-08-08 00:00:00|Mexico|Campeche
19791209300285|Oberth|false|2022-01-09 19:15:24.87|female|1982-10-17 00:00:00|India|Bardhaman
19791209300175|Akiba|false|2022-01-11 21:14:14.059|male|1992-01-30 00:00:00|China|Bengbu
19791209300506|Sundarambal|false|2022-01-12 00:59:08.365|male|1980-08-07 00:00:00|Bulgaria|Sofia
19791209300508|Mackrell|false|2022-01-14 02:17:07.641|female|1996-10-30 00:00:00|Egypt|El_Shorouk
19791209300327|Yuki|false|2022-01-14 21:01:59.358|male|1997-03-16 00:00:00|Mexico|Chihuahua
19791209300537|Cockayne|false|2022-01-15 00:38:10.606|male|1998-03-12 00:00:00|Czech_Republic|Prague
19791209300685|Taylor|false|2022-01-16 00:15:50.488|female|1980-02-02 00:00:00|Angola|Luanda
19791209300630|von Schamann|false|2022-01-20 07:43:03.088|female|1997-08-02 00:00:00|Canada|Fredericton
19791209300020|Nicolosi|false|2022-01-21 06:02:00.834|male|1990-12-26 00:00:00|Vietnam|Đông_Hà
19791209300324|Abdallahi|false|2022-01-21 21:15:49.182|male|1980-08-08 00:00:00|Russia|Yekaterinburg
19791209300238|Simon|false|2022-01-24 15:57:17.847|male|1985-05-20 00:00:00|Austria|Vienna
21990232555534|Winram|false|2022-01-26 05:46:59.273|female|1982-12-21 00:00:00|India|Haldia
21990232555909|Ocampo|false|2022-01-26 11:57:40.774|male|1990-11-10 00:00:00|India|Brahmavar
21990232555900|Sampras|false|2022-01-26 16:44:37.192|female|1995-11-08 00:00:00|China|Dafeng
21990232555887|Maceacharn|false|2022-01-27 00:44:46.876|female|1994-11-21 00:00:00|Brazil|Criciúma
21990232556108|Ales|false|2022-01-27 08:31:33.327|female|1993-03-25 00:00:00|Yemen|Zinjibar
21990232556070|Rainford|false|2022-01-28 10:19:19.38|male|1981-11-24 00:00:00|Zambia|Livingstone
21990232556261|Kenji|false|2022-01-28 11:13:48.39|female|1998-04-10 00:00:00|China|Daqing
21990232555796|Sichel|false|2022-02-03 01:12:07.246|male|1997-11-15 00:00:00|South_Korea|Yongin
21990232556302|Ramirez|false|2022-02-03 18:03:31.205|male|1986-08-13 00:00:00|India|Namakkal
21990232555959|Abbes|false|2022-02-04 08:06:54.626|male|1985-07-08 00:00:00|India|Rewari
21990232555541|Bates|false|2022-02-07 09:41:40.372|male|1981-04-28 00:00:00|India|Rourkela
21990232555647|De Mel|false|2022-02-10 10:05:39.919|female|1993-07-27 00:00:00|Philippines|Tacloban
21990232556250|Sample|false|2022-02-12 23:45:21.716|male|1984-11-15 00:00:00|China|Dazhou
21990232555623|Nikolov|false|2022-02-13 05:18:41.016|female|1985-11-16 00:00:00|Indonesia|Surabaya
21990232555685|Moretz|false|2022-02-13 07:07:56.96|male|1993-08-16 00:00:00|Brazil|São_Luís
21990232556061|Kharrazi|false|2022-02-13 16:17:19.142|female|1999-01-30 00:00:00|Brazil|Santa_Maria
21990232555688|Sartre|false|2022-02-14 00:08:04.781|male|1987-03-01 00:00:00|China|Brooklyn
21990232555932|Rix|false|2022-02-14 08:49:33.469|male|1986-08-02 00:00:00|India|Silchar
21990232556286|Torrens|false|2022-02-14 12:01:00.276|male|1989-11-02 00:00:00|Niger|Niamey
21990232555896|Simutowe|false|2022-02-14 22:56:34.649|male|1993-04-10 00:00:00|Brazil|Niterói
21990232555725|Maslen|false|2022-02-15 21:13:40.217|female|1984-12-29 00:00:00|Australia|Adelaide
21990232555584|Skundric|false|2022-02-18 06:36:23.831|female|1994-12-16 00:00:00|Philippines|Santa_Rosa
21990232556265|Glass|false|2022-02-19 05:06:42.54|female|1995-04-19 00:00:00|Japan|Toyota
21990232555890|Brahm|false|2022-02-19 15:38:31.085|female|1996-11-07 00:00:00|Egypt|Beni_Suef
21990232555996|Lynch|false|2022-02-22 13:27:18.866|male|1980-01-12 00:00:00|Pakistan|Wah_Cantonment
21990232556126|Schierholtz|false|2022-02-23 04:08:43.888|female|1990-12-19 00:00:00|South_Africa|Bellville
21990232556287|Storme|false|2022-02-24 09:31:21.012|male|1984-04-13 00:00:00|India|Warangal
21990232555657|Líder|false|2022-02-24 17:11:30.142|female|1982-10-22 00:00:00|Japan|Nagakute
21990232555566|Stefan|false|2022-02-26 02:40:04.306|male|1986-05-22 00:00:00|Philippines|Bacolod
21990232556190|Agren|false|2022-02-26 08:16:48.103|female|1999-11-05 00:00:00|Romania|Bucharest
21990232556205|Stern|false|2022-02-26 12:41:17.471|female|1992-04-15 00:00:00|India|Erode
21990232556316|Mirzaev|false|2022-03-01 22:58:34.063|male|1983-01-12 00:00:00|Ukraine|Donetsk
21990232556110|Rayol|false|2022-03-02 02:14:23.949|female|1994-01-01 00:00:00|South_Korea|Seoul
21990232556018|Devereux|false|2022-03-03 04:23:30.966|male|1993-06-29 00:00:00|Japan|Shimonoseki
21990232555601|Norman|false|2022-03-03 21:15:32.411|female|1980-06-23 00:00:00|China|Luoyang
21990232555848|Croze|false|2022-03-04 04:43:43.048|female|1998-09-30 00:00:00|United_States|St._Louis
21990232555772|Moncada Tapia|false|2022-03-05 04:58:50.493|male|1986-01-26 00:00:00|Japan|Kobe
21990232555555|Saliba|false|2022-03-06 03:47:51.72|female|1982-01-17 00:00:00|Germany|Wiesbaden
21990232556146|James|false|2022-03-07 09:24:05.461|male|1996-03-16 00:00:00|Belgium|Canterbury
21990232556067|Mathias|false|2022-03-08 03:03:38.067|female|1985-06-02 00:00:00|China|Cixi
21990232555616|Salaviza|false|2022-03-12 10:12:16.878|female|1997-06-07 00:00:00|South_Korea|Incheon
21990232555660|Hemmings|false|2022-03-12 15:21:39.273|female|1993-12-31 00:00:00|China|Chengdu
21990232555659|Weston|false|2022-03-13 08:15:32.196|male|1991-02-27 00:00:00|Russia|Magnitogorsk
21990232555903|Akselson|false|2022-03-14 18:54:17.372|female|1990-12-09 00:00:00|Burma|Loikaw
21990232556135|Pill|false|2022-03-15 09:15:24.572|female|1990-07-25 00:00:00|China|Artux
21990232556151|Proskouriakoff|false|2022-03-15 13:20:53.45|female|1998-10-11 00:00:00|Vietnam|Tam_Kỳ
21990232555962|Bolger|false|2022-03-18 02:30:25.666|female|1995-09-24 00:00:00|China|Changge
21990232555743|Cason|false|2022-03-18 07:59:40.168|female|1996-10-19 00:00:00|Romania|Arad
21990232556193|Qadi|false|2022-03-18 19:29:09.637|female|1983-02-27 00:00:00|Brazil|Poços_de_Caldas
21990232555607|Gallio|false|2022-03-19 18:18:38.396|male|1999-04-10 00:00:00|Hungary|Debrecen
21990232556268|Fong|false|2022-03-22 20:57:16.164|female|1981-02-23 00:00:00|India|Arambag
21990232555539|Leya|false|2022-03-23 16:01:13.427|male|1986-01-05 00:00:00|Brazil|Itajubá
21990232555841|Moumou|false|2022-03-25 04:31:26.039|female|1983-05-20 00:00:00|India|Alappuzha
21990232556020|Diamond|false|2022-03-26 02:08:08.252|male|1988-09-27 00:00:00|China|Enshi
21990232555831|Soylemezgiller|false|2022-03-27 13:13:12.294|female|1992-08-27 00:00:00|Mexico|Tlatelolco
21990232555944|Sami|false|2022-03-28 03:20:04.362|male|1981-05-04 00:00:00|Germany|Stuttgart
21990232556298|Alfaro Siqueiros|false|2022-03-29 17:22:08.827|male|1992-07-02 00:00:00|China|Chizhou
21990232555533|Anderson|false|2022-03-29 18:01:41.334|female|1982-12-23 00:00:00|Italy|Milan
21990232555698|Tan|false|2022-03-29 19:34:50.808|male|1987-05-25 00:00:00|China|Gejiu
21990232556159|Zilberstein|false|2022-03-30 06:18:10.436|female|1984-06-12 00:00:00|Cuba|Jagüey_Grande
21990232555853|Thomé|false|2022-03-31 10:41:59.502|female|1985-12-03 00:00:00|Thailand|Bangkok
21990232555822|Winner|false|2022-04-01 20:29:24.364|male|1996-12-24 00:00:00|Philippines|Biñan
21990232555817|Katicha|false|2022-04-03 05:52:30.022|female|1997-09-27 00:00:00|Brazil|Diamantina
21990232555701|Bigley|false|2022-04-04 14:35:27.391|female|1995-07-12 00:00:00|India|Warangal
21990232555744|Krupskaya|false|2022-04-04 15:04:34.437|female|1980-10-21 00:00:00|China|Baishan
21990232555635|McKee|false|2022-04-05 12:24:41.901|male|1989-06-06 00:00:00|China|Bei'an
21990232555740|Whaley|false|2022-04-05 13:39:46.205|female|1989-10-31 00:00:00|China|Danyang
21990232555826|Edinger|false|2022-04-09 10:48:04.928|male|1982-09-03 00:00:00|England|Southampton
21990232556274|Jaffrey|false|2022-04-11 12:47:12.368|male|1988-07-13 00:00:00|Argentina|Posadas
24189255811177|Collin|false|2022-04-11 19:36:09.478|male|1990-01-22 00:00:00|Kazakhstan|Semey
24189255811152|Vynokurov|false|2022-04-12 12:55:33.727|male|1992-03-10 00:00:00|India|Kottayam
24189255811770|Nicon|false|2022-04-13 03:36:39.388|female|1983-11-27 00:00:00|Ukraine|Kiev
24189255811695|Boatman|false|2022-04-14 12:14:24.334|male|1989-05-01 00:00:00|India|Rohtak
24189255811723|Yamadera|false|2022-04-15 05:04:04.702|female|1999-07-11 00:00:00|South_Africa|Johannesburg
24189255811576|Kail|false|2022-04-15 14:53:17.984|male|1993-01-07 00:00:00|Pakistan|Faisalabad
24189255811803|Kadi|false|2022-04-16 10:18:44.514|female|1996-09-21 00:00:00|Australia|Darlington
24189255811388|Bernsen|false|2022-04-17 05:50:43.976|male|1986-01-01 00:00:00|Japan|Yokosuka
24189255811665|Macavoy|false|2022-04-17 14:07:25.598|female|1980-11-01 00:00:00|Russia|Saratov
24189255811260|Brand|false|2022-04-17 21:12:53.157|female|1983-12-06 00:00:00|Turkey|Istanbul
24189255811527|Vivier|false|2022-04-19 01:00:41.8|male|1995-10-04 00:00:00|Azerbaijan|Baku
24189255811543|Young|false|2022-04-19 04:43:13.368|male|1994-07-01 00:00:00|Laos|Vientiane
24189255811412|Schlingensief|false|2022-04-22 02:53:41.562|female|1998-01-05 00:00:00|United_Kingdom|North_Wales
24189255811261|Wetch|false|2022-04-22 14:02:22.305|female|1986-08-18 00:00:00|Turkey|Gebze
24189255811482|Suematsu|false|2022-04-23 08:39:34.462|male|1989-12-16 00:00:00|Canada|Vancouver
24189255811686|Pelletier|false|2022-04-24 21:56:38.452|female|1999-07-15 00:00:00|India|Tiruchirappalli
24189255811460|Gode|false|2022-04-26 23:54:27.935|female|1988-01-20 00:00:00|India|Tezpur
24189255811554|Geary|false|2022-04-27 04:37:07.232|female|1997-09-27 00:00:00|China|Dujiangyan
24189255811501|Grant|false|2022-04-29 14:22:41.722|female|1997-08-07 00:00:00|United_Kingdom|North_Wales
24189255811530|Hrustak|false|2022-04-30 23:18:54.016|male|1998-09-03 00:00:00|China|Xinxiang
24189255811683|Warhurst|false|2022-05-01 06:10:41.339|male|1987-11-11 00:00:00|Vietnam|Đồng_Hới
24189255811749|Ewerlof|false|2022-05-02 03:02:56.568|female|1990-04-05 00:00:00|China|Luoyang
24189255811395|Perón|false|2022-05-03 02:01:42.424|female|1983-08-16 00:00:00|China|Feicheng
24189255811445|King|false|2022-05-06 07:36:51.881|female|1989-02-19 00:00:00|Peru|Callao
24189255811464|Thunayan|false|2022-05-06 16:27:25.175|male|1986-07-04 00:00:00|Russia|Biysk
24189255811568|Cauffiel|false|2022-05-07 15:22:51.478|male|1999-01-31 00:00:00|Belgium|Antwerp
24189255811358|Brossa|false|2022-05-08 23:03:23.478|female|1988-08-29 00:00:00|China|Dexing
24189255811101|Dainton|false|2022-05-10 12:55:56.518|female|1998-02-04 00:00:00|Colombia|Cartagena
24189255811609|Plemelj|false|2022-05-10 23:48:19.167|male|1998-01-29 00:00:00|China|Chizhou
24189255811305|Harrington|false|2022-05-12 17:00:38.905|female|1990-05-20 00:00:00|Philippines|Los_Baños
24189255811394|Golovin|false|2022-05-13 04:54:22.972|female|1988-12-06 00:00:00|Vietnam|Phan_Rang–Tháp_Chàm
24189255811565|Akomfrah|false|2022-05-15 20:19:21.215|female|1982-11-01 00:00:00|Japan|Nagasaki
24189255811106|Vauclair|false|2022-05-18 22:05:13.558|male|1986-04-17 00:00:00|India|Guntur
24189255811125|Hazledine|false|2022-05-20 22:30:49.752|female|1995-02-16 00:00:00|Vietnam|Thái_Bình
24189255811737|Palma|false|2022-05-21 01:16:19.71|male|1989-06-22 00:00:00|Brazil|Belo_Horizonte
24189255811368|Tierney|false|2022-05-22 00:54:52.176|male|1986-09-20 00:00:00|United_States|Berkeley
24189255811767|Morel|false|2022-05-23 04:15:21.396|female|1993-09-22 00:00:00|Pakistan|Nawabshah
24189255811414|Desplat|false|2022-05-24 13:56:41.992|male|1992-11-04 00:00:00|Philippines|Biñan
24189255811161|Allister|false|2022-05-24 22:05:03.391|male|1992-11-04 00:00:00|India|Poonamallee
24189255811283|Monakhov|false|2022-05-26 01:02:39.685|male|1990-09-05 00:00:00|Pakistan|Surat,India
24189255811466|Duque|false|2022-05-26 12:20:04.992|female|1981-01-01 00:00:00|Vietnam|Nha_Trang
24189255811533|Dubieńska|false|2022-05-27 13:44:24.593|female|1998-08-11 00:00:00|China|Anyang
24189255811222|Windisch|false|2022-05-28 15:27:04.334|male|1994-04-12 00:00:00|Cambodia|Battambang
24189255811083|Errazuriz Echaurren|false|2022-05-30 06:28:40.437|male|1989-03-08 00:00:00|Pakistan|Taxila
24189255811812|Goubert|false|2022-05-31 13:18:52.912|female|1993-09-04 00:00:00|India|Rourkela
24189255811183|Alvarez Florentin|false|2022-06-01 08:35:11.945|female|1991-03-28 00:00:00|Egypt|Ramadan_City
24189255811824|Nordmeyer|false|2022-06-01 14:22:16.501|female|1986-05-24 00:00:00|Brazil|Lorena
24189255811204|Goebel|false|2022-06-05 05:23:34.552|female|1995-09-05 00:00:00|India|Hubli
24189255811621|Gurbanov|false|2022-06-05 18:02:59.941|female|1991-02-17 00:00:00|South_Korea|Seongbuk-gu
24189255811256|Tobing|false|2022-06-08 06:45:10.02|male|1982-11-02 00:00:00|United_States|Washington
24189255811170|Montenegro|false|2022-06-09 18:18:55.184|female|1994-04-18 00:00:00|Japan|Nara
24189255811870|Bustamante|false|2022-06-12 04:31:28.896|male|1987-03-11 00:00:00|India|Talcher
24189255811396|Ðokovic|false|2022-06-15 00:42:00.951|female|1993-01-10 00:00:00|Tanzania|Mzumbe_morogoro
24189255811588|Gladyr|false|2022-06-17 09:06:04.837|male|1997-02-24 00:00:00|Chile|Temuco
24189255811721|Hudgens|false|2022-06-18 21:53:34.03|female|1995-11-08 00:00:00|Mexico|Mérida
24189255811135|Martino|false|2022-06-19 17:45:36.954|male|1991-06-19 00:00:00|India|Habra
24189255811333|Salossa|false|2022-06-22 04:51:14.713|female|1986-12-18 00:00:00|Pakistan|Sialkot
24189255811232|Esposito|false|2022-06-24 08:54:53.762|male|1998-10-25 00:00:00|Colombia|Bogotá
24189255811214|de Janzé|false|2022-06-25 06:00:52.064|female|1981-06-01 00:00:00|Germany|Mannheim
24189255811490|Sarnecki|false|2022-06-26 07:18:36.372|male|1989-05-01 00:00:00|China|Xinxiang
26388279067233|Rakovic|false|2022-06-30 19:28:53.63|male|1986-06-02 00:00:00|United_Kingdom|Coventry
26388279066886|Mackall|false|2022-07-01 18:06:10.297|male|1985-10-28 00:00:00|China|Zhengzhou
26388279067274|Sky|false|2022-07-04 01:25:32.184|female|1995-01-15 00:00:00|Egypt|Ramadan_City
26388279066709|Chambers|false|2022-07-05 19:22:52.422|male|1997-03-06 00:00:00|China|Fuzhou
26388279067078|Rogers|false|2022-07-06 18:16:34.638|male|1987-04-12 00:00:00|China|Foshan
26388279066799|Ledoux|false|2022-07-09 18:35:27.828|male|1980-01-05 00:00:00|Kenya|Machakos
26388279066933|Frittoli|false|2022-07-11 07:11:40.593|male|1981-10-29 00:00:00|Egypt|Bilbeis
26388279067072|Velo|false|2022-07-11 07:26:55.722|female|1995-08-24 00:00:00|Japan|Fujisawa
26388279067115|Gudjohnsen|false|2022-07-12 14:51:14.143|female|1988-10-24 00:00:00|China|Yunlin_County
26388279067181|Chauveau|false|2022-07-17 17:46:56.908|female|1993-06-01 00:00:00|Vietnam|Phan_Thiết
26388279067041|Stoker|false|2022-07-18 18:34:19.939|female|1986-10-03 00:00:00|China|Daqing
26388279067009|Potterton|false|2022-07-18 21:14:49.575|female|1992-02-03 00:00:00|Israel|Jerusalem
26388279066866|Doucet|false|2022-07-18 22:11:45.993|male|1980-09-27 00:00:00|Philippines|Bacolod
26388279067065|Vrana|false|2022-07-20 05:31:24.269|female|1982-08-17 00:00:00|Namibia|Windhoek
26388279067144|Ostertag|false|2022-07-21 18:46:31.033|male|1987-10-09 00:00:00|India|Namakkal
26388279066810|Dackins|false|2022-07-23 06:04:40.189|female|1992-02-05 00:00:00|Indonesia|Central_Jakarta
26388279066681|Wickstrom|false|2022-07-24 13:38:54.002|female|1994-12-15 00:00:00|Vietnam|Pleiku
26388279066737|Fafara|false|2022-07-24 17:31:20.237|female|1980-04-10 00:00:00|Republic_of_Macedonia|Skopje
26388279067287|Anderson Imbert|false|2022-07-25 05:55:45.913|male|1983-05-30 00:00:00|China|Nanning
26388279066852|Sergio|false|2022-07-26 05:07:04.062|female|1999-08-05 00:00:00|India|Ernakulam
26388279066896|Maydell|false|2022-07-27 10:53:06.752|female|1987-09-11 00:00:00|Chile|Iquique
26388279066796|Ben Basat|false|2022-07-27 22:29:58.055|male|1996-07-21 00:00:00|Vietnam|Gia_lam
26388279067293|Bretz|false|2022-07-28 08:55:50.355|female|1993-01-31 00:00:00|China|Anlu
26388279067010|Bono|false|2022-07-30 12:47:44.264|male|1993-09-11 00:00:00|India|Jorhat
26388279066730|Rybak|false|2022-07-31 12:22:58.787|female|1987-04-27 00:00:00|Brazil|Santa_Maria
26388279066773|Maezumi|false|2022-08-07 15:32:33.528|female|1984-02-03 00:00:00|India|Bankura
26388279066759|Rothe|false|2022-08-08 20:22:11.936|female|1986-05-09 00:00:00|Philippines|Iligan
26388279066716|Djidonou|false|2022-08-09 05:23:58.793|male|1984-02-27 00:00:00|China|Dongying
26388279067138|Mochida|false|2022-08-12 12:54:43.757|male|1996-08-04 00:00:00|United_States|Milwaukee
26388279067231|Schomberg|false|2022-08-13 23:56:10.48|female|1996-12-25 00:00:00|Australia|Sydney
26388279067407|Grimwood|false|2022-08-14 10:13:11.709|female|1990-02-27 00:00:00|India|Krishnanagar
26388279066981|Shi|false|2022-08-15 08:20:28.263|female|1988-08-09 00:00:00|United_States|Minneapolis
26388279066851|Kissel|false|2022-08-16 02:50:45.883|male|1985-01-21 00:00:00|Philippines|Mandaluyong
26388279067127|Subinaghi|false|2022-08-17 18:30:23.746|female|1985-02-06 00:00:00|Philippines|Cagayan_de_Oro
26388279066733|Mignon|false|2022-08-18 13:08:01.185|male|1989-09-22 00:00:00|India|Haldia
26388279067279|Couderc|false|2022-08-21 03:02:47.794|male|1983-05-09 00:00:00|Japan|Toyota
26388279066752|Blandford|false|2022-08-21 20:48:04.799|female|1991-09-06 00:00:00|India|Gaya
26388279067421|Theissen|false|2022-08-25 17:52:45.282|female|1993-05-10 00:00:00|Philippines|Los_Baños
26388279067387|Seymour|false|2022-08-25 22:59:55.17|male|1996-01-02 00:00:00|China|Yinchuan
26388279066767|Chand|false|2022-08-26 02:55:35.424|male|1981-03-15 00:00:00|Kenya|Thika
26388279066700|Evans|false|2022-08-26 04:12:00.763|female|1981-12-29 00:00:00|Belgium|Medway
26388279066625|Nostini|false|2022-08-27 00:20:46.113|female|1999-05-16 00:00:00|Pakistan|Surat,India
26388279066627|De Jesus|false|2022-08-28 04:38:39.397|male|1998-07-29 00:00:00|Peru|Trujillo
26388279067423|Rolfe|false|2022-08-29 10:38:51.54|female|1993-07-28 00:00:00|England|Sheffield
26388279067160|Parkinson|false|2022-08-29 21:13:54.455|male|1993-03-19 00:00:00|Liberia|Monrovia
26388279067335|Shadyac|false|2022-08-30 02:56:11.21|female|1986-03-09 00:00:00|Pakistan|Peshawar
26388279067033|Vyvyan|false|2022-09-02 08:38:12.461|female|1997-05-17 00:00:00|Hungary|Piliscsaba
26388279067416|Le Claire|false|2022-09-02 14:19:08.837|male|1988-01-18 00:00:00|Sweden|Örebro
26388279067234|Bodel|false|2022-09-02 22:14:24.781|female|1991-12-23 00:00:00|England|Sheffield
26388279066958|Doughty|false|2022-09-04 12:34:19.118|male|1983-03-03 00:00:00|Philippines|Cagayan_de_Oro
26388279066949|Gudkov|false|2022-09-05 17:01:33.358|female|1983-05-28 00:00:00|China|Songjiang_District
26388279067086|Etxebarria Arruti|false|2022-09-06 04:13:14.437|male|1993-04-25 00:00:00|Madagascar|Toliara
26388279066950|Badaczewski|false|2022-09-06 11:10:14.985|male|1997-07-21 00:00:00|Japan|Owariasahi
26388279066955|Crawfurd|false|2022-09-08 16:43:49.774|female|1995-08-09 00:00:00|India|Bahadurgarh
26388279067075|Otsuka|false|2022-09-09 18:57:49.825|male|1982-08-04 00:00:00|China|Changsha
28587302322219|Dechenaud|false|2022-09-12 09:27:08.381|male|1997-10-20 00:00:00|India|Salem
28587302322302|Shockley|false|2022-09-13 07:53:28.861|male|1988-05-17 00:00:00|Cambodia|Kampong_Speu
28587302322284|Alemania|false|2022-09-13 11:24:41.189|male|1981-11-01 00:00:00|Cuba|Pinar_del_Río
28587302322181|Desmond|false|2022-09-14 08:58:53.735|male|1980-07-25 00:00:00|Czech_Republic|Brno
28587302322855|Karachalios|false|2022-09-17 04:47:46.434|male|1988-10-13 00:00:00|Turkey|Bursa
28587302322297|Brasova|false|2022-09-23 04:27:03.078|male|1984-12-26 00:00:00|Russia|Voronezh
28587302322685|Banfoldi|false|2022-09-24 15:47:07.327|male|1984-02-14 00:00:00|Poland|Poznań
28587302322275|Maclagan|false|2022-09-25 12:48:11.068|female|1980-09-27 00:00:00|Croatia|Zagreb
28587302322247|Jurado|false|2022-09-29 09:30:21.229|female|1989-03-10 00:00:00|China|Chengdu
28587302322699|Agnes Christina Of Austria|false|2022-09-29 15:32:20.607|female|1997-06-17 00:00:00|Vietnam|Bắc_Giang
28587302322722|Kuşkapan|false|2022-09-30 22:31:15.769|female|1991-01-06 00:00:00|Japan|Shimonoseki
28587302322203|Ecko|false|2022-10-01 03:37:51.097|male|1999-12-10 00:00:00|Netherlands|Groningen
28587302322657|Weerasinghe|false|2022-10-01 18:17:34.003|male|1993-09-20 00:00:00|India|Jiaganj_Azimganj
28587302322848|Hildreth|false|2022-10-02 05:59:39.488|male|1985-03-04 00:00:00|Ethiopia|Mettu
28587302322505|Sheahan|false|2022-10-04 03:59:04.34|male|1996-07-29 00:00:00|India|Shimoga
28587302322619|Benedict XI|false|2022-10-07 08:02:24.26|male|1982-07-07 00:00:00|Vietnam|Nha_Trang
28587302322496|Cadogan|false|2022-10-08 18:11:27.368|male|1991-06-02 00:00:00|India|Raipur
28587302322889|Vettori|false|2022-10-10 14:08:00.329|male|1996-02-18 00:00:00|Kazakhstan|Taraz
28587302322770|Zagallo|false|2022-10-12 04:54:19.834|male|1982-08-09 00:00:00|China|Fuqing
28587302322700|Shama|false|2022-10-12 16:35:55.428|male|1989-12-18 00:00:00|Mexico|Querétaro
28587302322459|Mikkelsen|false|2022-10-13 05:42:06.086|female|1994-05-29 00:00:00|Tunisia|Tunis
28587302322416|Maasik|false|2022-10-13 16:22:35.935|female|1995-04-02 00:00:00|Pakistan|Jamshoro
28587302322536|Hurdalek|false|2022-10-14 08:48:58.19|female|1992-09-10 00:00:00|India|Raipur
28587302322451|Negroponte|false|2022-10-14 18:41:27.723|female|1992-09-18 00:00:00|Brazil|Barbacena
28587302322571|Errasti|false|2022-10-16 15:42:54.377|female|1995-08-09 00:00:00|Czech_Republic|Olomouc
28587302322337|Charlton|false|2022-10-19 16:54:29.934|male|1986-03-25 00:00:00|Kazakhstan|Shymkent
28587302322578|Mouldi|false|2022-10-21 21:38:32.38|male|1997-06-05 00:00:00|China|Erenhot
28587302322425|Briley|false|2022-10-23 16:25:21.128|female|1995-09-20 00:00:00|India|Udaipur
28587302322772|Critchlow|false|2022-10-24 22:10:18.406|male|1988-03-09 00:00:00|Philippines|Mandaluyong
28587302322936|Bellard|false|2022-10-25 12:19:38.102|female|1982-02-13 00:00:00|China|Yantai
28587302322292|Hoorn|false|2022-10-27 01:41:21.789|female|1983-06-16 00:00:00|Brazil|Petrópolis
28587302322515|Smorgon|false|2022-10-28 17:15:42.127|male|1984-09-01 00:00:00|Niger|Zinder
28587302322592|Bakunin|false|2022-10-29 08:40:03.563|female|1986-04-08 00:00:00|Japan|Nagakute
28587302322858|Battaglia|false|2022-10-29 08:45:56.892|male|1985-10-06 00:00:00|Pakistan|Rawalpindi
28587302322878|Kokot|false|2022-10-29 19:31:21.193|male|1999-10-07 00:00:00|Hungary|Esztergom
28587302322665|Abeygunawardena|false|2022-10-30 03:46:06.091|female|1982-02-13 00:00:00|Italy|Trieste
28587302322898|Blanche|false|2022-10-30 14:53:59.741|male|1986-01-31 00:00:00|India|Navi_Mumbai
28587302322819|Pechet|false|2022-11-02 06:07:54.742|female|1987-07-03 00:00:00|India|Gandhinagar
28587302322566|Petrini|false|2022-11-03 01:35:10.16|female|1991-06-18 00:00:00|China|Changchun
28587302322663|Lazarowicz|false|2022-11-03 03:45:29.959|male|1987-01-20 00:00:00|China|Zhongli
28587302322737|Lysyj|false|2022-11-05 07:40:16.408|male|1998-03-16 00:00:00|Madagascar|Antanifotsy
28587302322457|Richard|false|2022-11-05 17:41:40.475|female|1988-03-14 00:00:00|Ethiopia|Bahir_Dar
28587302322445|Jasaitis|false|2022-11-05 22:02:44.163|female|1984-05-10 00:00:00|India|Kolkata
28587302322196|Subramaniam|false|2022-11-05 22:41:43.382|female|1997-06-01 00:00:00|Cuba|Matanzas
28587302322854|Biebauw|false|2022-11-07 15:39:49.561|male|1986-02-10 00:00:00|Sweden|Jönköping
28587302322411|Aulin|false|2022-11-11 13:18:19.694|male|1986-03-23 00:00:00|India|Gobichettipalayam
28587302322863|Gossard|false|2022-11-14 03:08:38.781|male|1990-11-15 00:00:00|India|Kandivali
28587302322689|Mattler|false|2022-11-14 04:43:46.279|female|1999-04-13 00:00:00|Papua_New_Guinea|Port_Moresby
28587302322691|Borte|false|2022-11-14 13:34:01.172|female|1993-02-13 00:00:00|China|Mbabane
28587302322628|Delaney|false|2022-11-15 13:57:08.882|female|1991-06-13 00:00:00|Japan|Toyohashi
28587302322245|Scherle|false|2022-11-16 03:44:35.599|male|1987-01-01 00:00:00|India|Fatehgarh_Sahib
28587302322800|Mohede|false|2022-11-16 11:44:44.291|male|1985-03-17 00:00:00|Italy|Florence
28587302322731|Carver|false|2022-11-17 13:00:50.122|female|1993-10-02 00:00:00|Tanzania|Dar_es_Salaam
28587302322521|Bolivar Zapata|false|2022-11-17 23:48:04.527|male|1981-08-28 00:00:00|Romania|Oradea
28587302322328|Di Sauro|false|2022-11-18 08:18:13.433|female|1984-07-26 00:00:00|Yemen|Ibb
28587302322408|Sanyal|false|2022-11-20 16:32:30.682|female|1984-05-16 00:00:00|China|Dashiqiao
28587302322648|ElanJikal|false|2022-11-20 17:13:22.722|female|1981-11-29 00:00:00|China|Chuzhou
28587302322489|Mochida|false|2022-11-21 01:48:08.951|male|1987-10-13 00:00:00|China|Beiliu
28587302322435|Tainton|false|2022-11-21 20:03:41.821|female|1988-03-05 00:00:00|China|Ganzhou
28587302322347|Baruah|false|2022-11-22 23:14:42.951|male|1991-02-24 00:00:00|Croatia|Zagreb
28587302322710|Tobey|false|2022-11-23 22:38:58.426|male|1989-05-26 00:00:00|Nepal|Gwarko
30786325578193|Melo|false|2022-11-25 06:07:06.691|female|1983-07-27 00:00:00|United_States|Minneapolis
30786325578421|Spicer|false|2022-11-27 06:37:59.036|female|1986-06-06 00:00:00|Japan|Yokosuka
