createTime|dependencyTime|companyId|accountId|accountType|accountBlocked|nickname|phonenum|email|freqLoginType|lastLoginTime|accountLevel
1669714600825|1655339216441|12094627905617|298926425266716847|corporate account|false|Lyle Przybyla|368-7278|gmail.com|PHONE|1805233506561|Gold level
1669722307437|1640657433307|9895604650008|298926425266716724|certificate of deposit|false|Gina Vopava|446-4521|hotmail.com|NFC|1825820658858|Silver level
1669731554401|1610626100398|5497558138886|298926425266716687|merchant account|false|Duncan Daddio|253-2044|yahoo.com|IPv4|1670188796305|Silver level
1669786969420|1591384880235|2199023255701|299207900243427656|foreign currency|false|Glenn Munce|937-1020|gmail.com|QRCode|1743893835267|Basic level
1669827421664|1631859490300|8796093022370|299207900243427679|escrow account|false|Aubrey Hechmer|669-4828|yahoo.com|MAC|1806173411926|Basic level
1669884414484|1622564446198|6597069766983|299489375220138673|merchant account|false|Melba Gregoroff|465-3027|yahoo.com|RFID|1719446962336|Platinum level
1669895994305|1653080162454|12094627905692|299489375220138327|escrow account|false|Jody Chautin|267-5157|yahoo.com|QRCode|1842038392920|Basic level
1669904218085|1668660810757|14293651161356|299489375220138555|merchant account|false|Matilde Palardy|513-5513|gmx.com|IPv6|1672224923313|Basic level
1669923724789|1667501755025|14293651161154|299489375220138132|credit card|false|Romona Bownds|651-4415|yahoo.com|POS|1838008021419|Basic level
1669988844329|1661484093806|13194139533495|299770850196849027|brokerage account|false|Idell Gallup|478-5073|gmx.com|IPv4|1844691202536|Basic level
1669992705293|1646936203371|10995116278128|299770850196849427|brokerage account|false|Doretha Raniero|071-1204|gmx.com|POS|1854720393334|Gold level
1670001763958|1667989850211|14293651161300|299770850196849079|prepaid card|false|Magdalena Hollon|631-7142|hotmail.com|ATM|1875303972735|Basic level
1670035708625|1668878351608|14293651161291|300052325173559714|prepaid card|false|Millicent Leagjeld|903-9622|gmail.com|POS|1849450718497|Silver level
1670131910566|1613927258064|5497558139109|300333800150270434|foreign currency|false|Lindsay Grzesiak|239-7419|gmail.com|MAC|1888229497803|Silver level
1670182208720|1646696985452|10995116278109|300333800150270696|brokerage account|false|Michale Beedle|378-9094|gmx.com|IPv6|1707647670045|Basic level
1670200344883|1668647754105|14293651161172|300615275126980793|internet account|false|Edgardo Augsburger|275-4847|gmail.com|QRCode|1850742318820|Basic level
1670207203229|1612031923734|5497558139096|300615275126981055|brokerage account|false|Anibal Eichner|081-2872|gmx.com|PHONE|1772520260040|Platinum level
1670214085522|1610088332029|4398046511194|300615275126980804|corporate account|false|Rocco Raspa|938-2900|hotmail.com|WIFI|1677764960263|Silver level
1670233374344|1626278289167|7696581394748|300615275126981274|retirement account|false|Rudy Privett|031-9155|gmail.com|POS|1724549985344|Basic level
1670267006493|1615765971240|5497558138929|300615275126980715|foreign currency|false|Alfred Copeman|400-5812|gmail.com|WIFI|1671486011354|Gold level
1670307368932|1670098751957|15393162789108|300896750103691781|merchant account|false|Albert Beteta|845-8109|gmail.com|ATM|1789147566419|Basic level
1670342518490|1667498755565|14293651161467|300896750103692072|certificate of deposit|false|Edmundo Coder|014-1075|yahoo.com|RFID|1741152674213|Basic level
1670356615424|1593335349121|2199023255912|300896750103692029|merchant account|true|Samantha Haley|652-3186|gmail.com|PHONE|1684518762013|Basic level
1670371075797|1651928996313|12094627905864|301178225080402613|custodial account|false|Edgar Hohler|087-5806|yahoo.com|IPv6|1887596058345|Platinum level
1670375059859|1665890706242|14293651161358|301178225080402494|trust account|false|Eve Lowell|963-0772|yahoo.com|NFC|1770348480278|Basic level
1670436528545|1669020072965|14293651161232|301178225080402240|internet account|false|Rudy Haeber|736-3478|gmail.com|MAC|1671426671321|Basic level
1670445389287|1670425832410|15393162789077|301178225080402360|custodial account|false|Dewitt Zenker|736-4492|lubnan.cc|QRCode|1734307935726|Basic level
1670450734603|1654048399127|12094627905818|301178225080402513|certificate of deposit|true|Kelley Alrich|936-5849|gmail.com|IPv6|1759141340172|Basic level
1670478771885|1587711644082|1099511627969|301459700057112976|trust account|false|Erwin Sabater|927-1098|yahoo.com|WIFI|1880922685989|Silver level
1670480316960|1669735290506|15393162788918|301459700057112698|escrow account|false|Beckie Osbourn|557-1301|gmail.com|NFC|1670977861089|Basic level
1670521515810|1653622865595|12094627905797|301459700057113130|brokerage account|false|Al Norrid|815-9553|gmail.com|WIFI|1786222818809|Silver level
1670540985984|1658038047825|13194139533678|301459700057113359|escrow account|false|Liberty Searing|899-0209|yahoo.com|WIFI|1870769329488|Basic level
1670541902418|1651021195055|12094627905746|301459700057113012|credit card|false|Cordell Otis|617-5940|gmail.com|MAC|1746721987976|Silver level
1670561377199|1670433237170|15393162789205|301741175033823951|foreign currency|false|Marcie Blache|986-8844|yahoo.com|PHONE|1671408153217|Silver level
1670566125321|1665043171872|14293651161377|301741175033823839|escrow account|false|Jerry Fellman|530-9291|gmail.com|IPv6|1837278563668|Basic level
1670600804525|1650970220574|12094627905710|301741175033823603|brokerage account|false|Juana Shebby|278-9236|yahoo.com|RFID|1678609629967|Silver level
1670604819868|1665181501889|14293651161423|301741175033823939|internet account|false|Ginette Eisenhardt|739-6070|yahoo.com|PHONE|1670650783124|Basic level
1670647796799|1619881830555|6597069766819|302022650010534240|prepaid card|false|Wes Burner|388-5618|gmail.com|IPv6|1691051345208|Basic level
1670672657898|1614648350360|5497558139129|302022650010534413|retirement account|false|Tyra Reuben|170-0517|hotmail.com|QRCode|1767293373854|Basic level
1670680487669|1670106959064|15393162789068|302022650010534310|escrow account|false|Gerry Kaeser|208-5931|gmail.com|POS|1671704760284|Basic level
1670714924885|1668980252514|14293651161204|302022650010534142|debit card|false|Emelda Chipps|920-7806|zoho.com|RFID|1720213376386|Basic level
1670737217842|1629111907256|7696581394815|302304124987245367|corporate account|false|Ronnie Azzopardi|896-9952|gmail.com|WIFI|1731826466976|Basic level
1670775355271|1670106959064|15393162789068|302304124987244965|foreign currency|false|Irwin Hinley|930-2417|gmail.com|ATM|1671134739246|Basic level
1670777010699|1591384880235|2199023255701|302304124987244873|prepaid card|false|Sigrid Goodpaster|870-1344|gmail.com|ATM|1718844500604|Basic level
1670801467235|1605288969911|4398046511155|302304124987244658|credit card|false|Melva Visconti|265-1310|gmail.com|ATM|1761104326713|Gold level
1670828440238|1667498755565|14293651161467|302585599963956006|brokerage account|false|Liliana Padamadan|422-8291|gmx.com|ATM|1817331671271|Gold level
1670844710794|1652623638093|12094627905931|302585599963956050|certificate of deposit|false|Dannette Fleeting|732-4281|gmail.com|NFC|1787191443545|Basic level
1670899853885|1667061690236|14293651161315|302867074940666332|trust account|false|Brent Patout|653-4295|gmail.com|POS|1870484143274|Silver level
1671036393790|1625452969305|7696581394664|303148549917377005|brokerage account|false|Belva Linebarger|423-5316|gmail.com|RFID|1795796904923|Basic level
1671041773447|1625452969305|7696581394664|303148549917377004|retirement account|false|Kelly Sawdey|785-7598|gmx.com|RFID|1754286086146|Basic level
1671062242067|1628521996994|7696581394552|303430024894087429|merchant account|false|Minnie Rigley|910-1689|zoho.com|MAC|1671224355914|Basic level
1671071498028|1657683820397|13194139533450|303430024894087470|internet account|false|Marc Bertolino|239-4896|gmx.com|WIFI|1671842280594|Silver level
1671073097975|1653080162454|12094627905692|303430024894087509|escrow account|false|Bette Fearing|017-7054|gmail.com|IPv4|1671166381308|Silver level
1671107523270|1655799198023|12094627905696|303430024894087516|debit card|false|Janay Casavant|186-0435|gmail.com|QRCode|1674069661905|Basic level
1671108867649|1626281208117|7696581394534|303430024894087392|corporate account|false|Norberto Stoglin|911-5166|gmx.com|PHONE|1795242081831|Gold level
1671115128884|1667184741624|14293651161180|303430024894087370|certificate of deposit|false|Janay Pickert|321-9160|yahoo.com|IPv6|1712344760199|Basic level
1671116607238|1586453295683|1099511627995|303430024894087622|certificate of deposit|false|Matthew Planck|977-2231|gmail.com|PHONE|1811664983024|Basic level
1671126237759|1647498496231|10995116277886|303430024894087443|custodial account|false|Stormy Zourkos|610-3251|yahoo.com|QRCode|1745982113815|Basic level
1671127897075|1643150564202|9895604650180|303430024894087576|trust account|false|Marcelina Casley|836-6669|yahoo.com|PHONE|1841399449351|Gold level
1671143986188|1667184741624|14293651161180|303430024894087372|retirement account|false|Agustin Landolfo|815-0978|gmx.com|WIFI|1822779525055|Basic level
1671170533435|1633458046533|8796093022510|303711499870798459|custodial account|false|Bree Boni|656-4843|gmail.com|POS|1671208994778|Gold level
1671282508177|1657636623900|13194139533446|303992974847508772|retirement account|false|Kendall Arkin|359-9039|gmail.com|IPv6|1686306741504|Silver level
1671285378630|1634107902188|8796093022473|303992974847509042|prepaid card|false|Errol Witthoeft|258-9303|gmail.com|NFC|1760356566267|Gold level
1671285814367|1669735290506|15393162788918|303992974847508601|retirement account|false|Galen Lammert|978-6412|gmail.com|ATM|1839456879910|Basic level
1671310590275|1670433237170|15393162789205|303992974847509200|retirement account|false|Beverley Lapete|033-7645|zoho.com|IPv6|1671386765034|Basic level
1671314436067|1629259893394|7696581394565|303992974847508769|prepaid card|false|Euna Vinning|209-1664|yahoo.com|IPv6|1680846783242|Basic level
1671339389486|1670433237170|15393162789205|304274449824219857|debit card|false|Jimmie Duberry|655-6551|gmail.com|PHONE|1891825702461|Basic level
1671361589212|1668878351608|14293651161291|304274449824219553|foreign currency|false|Whitney Erebia|908-7032|hotmail.com|NFC|1679634877842|Silver level
1671377702158|1609276856809|4398046511111|304274449824219153|retirement account|false|Kacie Sanpson|529-5053|gmx.com|PHONE|1671585902896|Platinum level
1671386322913|1659613803463|13194139533646|304274449824219840|trust account|false|Larhonda Kueter|182-7143|gmx.com|IPv4|1706991451735|Basic level
1671402264491|1659375346327|13194139533384|304274449824219292|retirement account|false|Shandra Dekenipp|692-3710|gmail.com|ATM|1777884948179|Basic level
1671451632238|1668182603629|14293651161171|304555924800929973|certificate of deposit|false|Gail Zawasky|325-5518|hotmail.com|IPv6|1814647035870|Silver level
1671456460374|1671036023865|15393162789082|304555924800930244|internet account|true|Andree Baccam|059-4504|gmx.com|ATM|1671525289810|Basic level
1671540524633|1671036023865|15393162789082|304837399777640898|merchant account|false|Bradford Rotert|856-3229|gmx.com|ATM|1805175782556|Platinum level
1671548311639|1670481981883|15393162788912|304837399777640549|prepaid card|false|Wilbert Manwaring|777-9113|gmail.com|POS|1887037260664|Platinum level
1671550270540|1664734070128|14293651161270|304837399777640834|escrow account|false|Angel Branigan|883-5221|gmx.com|RFID|1876079196598|Diamond level
1671577115175|1626229745737|7696581394829|304837399777641306|credit card|false|Andree Tucciarone|986-5757|yahoo.com|POS|1672393554777|Basic level
1671649110558|1670481981883|15393162788912|305118874754351207|credit card|false|Dorotha Goodnough|846-2330|yahoo.com|QRCode|1671654744720|Basic level
1671651420097|1670425832410|15393162789077|305118874754351545|foreign currency|false|Teodora Trefz|895-4655|gmx.com|PHONE|1866862786359|Basic level
1671654251978|1665181501889|14293651161423|305118874754351810|escrow account|false|Zack Ronhaar|122-0375|gmail.com|IPv6|1671871585692|Silver level
1671671590427|1598000020478|3298534883645|305400349731062428|corporate account|false|Antone Mongolo|086-2401|gmx.com|IPv4|1671732788482|Silver level
1671683739793|1670995439229|15393162789171|305400349731062403|foreign currency|false|Steven Monforte|860-2955|gmail.com|IPv4|1671702746773|Gold level
1671715160995|1661145390876|13194139533448|305400349731062057|credit card|false|Jonna Stickland|440-0166|gmail.com|WIFI|1840756675240|Basic level
1671729379121|1643910693060|10995116278134|305400349731062558|merchant account|false|Steven Trell|734-2244|yahoo.com|IPv6|1790621617147|Silver level
1671745006916|1635047238260|8796093022320|305400349731062006|foreign currency|false|Terese Atha|022-1672|gmail.com|IPv4|1672065863453|Basic level
1671789166655|1668878351608|14293651161291|305681824707772831|foreign currency|false|Glen Imbruglia|953-8662|yahoo.com|ATM|1736681881991|Elite level
1671819455657|1592876026878|2199023255835|305681824707773011|corporate account|false|Josef Bevelle|172-3493|hotmail.com|MAC|1892221912558|Basic level
1671832109425|1657019297940|13194139533631|305681824707773088|merchant account|false|Reina Kreuter|304-9424|gmail.com|NFC|1694338895766|Basic level
1671899423265|1671876227444|15393162789225|305963299684483840|brokerage account|false|Sherita Chayka|924-9946|yahoo.com|MAC|1871414318269|Platinum level
1671928948490|1670481981883|15393162788912|306244774661193830|corporate account|false|Mathew Gavenda|211-7329|gmx.com|PHONE|1813732644327|Silver level
1671961116760|1668182603629|14293651161171|306244774661193911|retirement account|false|Patricia Weidemann|004-7143|gmail.com|POS|1839201333467|Basic level
1671965086344|1670106959064|15393162789068|306244774661194147|debit card|false|Inocencia Kercher|219-9070|yahoo.com|RFID|1891502738002|Silver level
1671966891532|1671036023865|15393162789082|306244774661194179|merchant account|false|Raven Moga|107-6466|gmail.com|QRCode|1671968330196|Basic level
1671974600520|1671200620394|15393162789019|306244774661194068|prepaid card|true|Kym Mordan|412-5981|gmail.com|MAC|1723656384228|Silver level
1671977169367|1668930308669|14293651161323|306244774661194231|debit card|false|Lura Nygren|243-0838|gmail.com|IPv6|1879996621201|Basic level
1671981993076|1671876227444|15393162789225|306244774661194498|debit card|false|Bernita Guerro|005-0516|gmx.com|POS|1817311708960|Silver level
1671999099245|1671876227444|15393162789225|306244774661194499|debit card|false|Luther Seleg|594-5663|yahoo.com|ATM|1852264569668|Diamond level
1672021204324|1671974703093|15393162789167|306526249637905020|debit card|false|Stephanie Pieters|856-2183|hotmail.com|PHONE|1857968973934|Basic level
1672036208272|1668878351608|14293651161291|306526249637904800|trust account|false|Jesica Chiz|757-3232|gmail.com|WIFI|1844852642889|Diamond level
1672069258388|1669735290506|15393162788918|306526249637904507|prepaid card|false|Lesley Westpfahl|005-1341|gmx.com|MAC|1852848825809|Gold level
1672124573474|1667498755565|14293651161467|306807724614615847|escrow account|false|Jean Laraway|952-7091|gmx.com|QRCode|1672460071923|Silver level
1672136819872|1651999944189|12094627905787|306807724614615569|retirement account|false|Lowell Wiuff|829-2284|yahoo.com|NFC|1682936052444|Diamond level
1672149217871|1611354501103|5497558139261|306807724614615855|internet account|false|Emmanuel Hachette|185-9298|gmail.com|MAC|1874144393387|Basic level
1672183184890|1671036023865|15393162789082|306807724614615493|merchant account|false|Myong Byner|015-0510|hotmail.com|PHONE|1815994194993|Silver level
1672186017526|1626632730426|7696581394653|307089199591326158|prepaid card|false|Soledad Alsbrook|543-1794|hotmail.com|QRCode|1854320759718|Silver level
1672256367597|1671804229219|15393162789103|307089199591326206|trust account|false|Linda Stuck|248-8606|gmail.com|IPv6|1724987147922|Basic level
1672258246182|1670106959064|15393162789068|307089199591326116|certificate of deposit|false|Nelson Didio|716-3676|gmail.com|ATM|1754486827413|Basic level
1672307714329|1665934048764|14293651161450|307370674568037127|corporate account|false|Rachel Chicas|592-7243|gmx.com|WIFI|1851790047806|Basic level
1672318499709|1670995439229|15393162789171|307370674568036994|escrow account|false|Joleen Lierman|259-4197|zoho.com|ATM|1832422938692|Basic level
1672325180720|1670995439229|15393162789171|307370674568036996|merchant account|false|Mose Rape|034-1297|gmx.com|RFID|1737569230953|Basic level
1672329055991|1672289581845|15393162788937|307370674568036510|credit card|false|Corie Sedor|690-1392|zoho.com|PHONE|1864666801470|Basic level
1672336223358|1626229745737|7696581394829|307370674568037208|trust account|false|Babette Byford|947-4029|hotmail.com|IPv6|1878336072415|Basic level
1672374303712|1671804229219|15393162789103|307652149544747519|credit card|false|Sammie Rotchford|898-6472|gmx.com|ATM|1843893576776|Gold level
1672375090334|1672344757831|15393162789100|307652149544747512|prepaid card|false|Corinne Cerny|648-9674|gmail.com|ATM|1672435357127|Basic level
1672391893719|1669020072965|14293651161232|307652149544747329|credit card|false|Lucina Seiters|442-2766|gmx.com|MAC|1764432479521|Basic level
1672393717554|1671876227444|15393162789225|307652149544747777|internet account|false|Daina Mottola|804-1794|gmx.com|MAC|1827927566270|Platinum level
1672418528747|1672344757831|15393162789100|307652149544747513|credit card|false|Kasey Doepner|451-0979|yahoo.com|MAC|1750384636799|Basic level
