createTime|dependencyTime|companyId|loanId|loanAmount|balance|loanUsage|interestRate|org
1669753561353|1634578690884|8796093022480|298926425266717032|57477934.0|57477934.0|vacations|0.074|Bank of America
1669876168686|1657683820397|13194139533450|299489375220138163|17483922.0|17483922.0|education|0.024|SoFi
1669976750249|1667989850211|14293651161300|299770850196848921|79782407.0|79782407.0|funerals|0.042|Chase Bank
1669988703061|1667911767495|14293651161294|299770850196848913|72764709.0|72764709.0|vacations|0.049|Peerform
1670125708862|1619881830555|6597069766819|300333800150270167|97323153.0|97323153.0|medical expenses|0.056|Capital One
1670190861842|1658739648553|13194139533510|300333800150270214|10486855.0|10486855.0|funerals|0.08|Fundbox
1670236980341|1600338125844|3298534883369|300615275126980670|24963308.0|24963308.0|vacations|0.064|PNC Bank
1670333552863|1620138149679|6597069766933|300896750103691633|89569103.0|89569103.0|other|0.09|Roofstock
1670407457424|1666224174711|14293651161249|301178225080402131|90658684.0|90658684.0|education|0.056|Bank of America
1670419781365|1667219597828|14293651161276|301178225080402173|5360608.0|5360608.0|education|0.013|Upgrade
1670450717290|1658493276102|13194139533386|301178225080402016|69445371.0|69445371.0|investing|0.065|OneMain Financial
1670466522416|1655339216441|12094627905617|301459700057112676|4580121.0|4580121.0|debt consolidation|0.013|Peerform
1670532981108|1654733499909|12094627905553|301459700057112596|54694894.0|54694894.0|weddings|0.096|Earnest
1670533723619|1667989850211|14293651161300|301459700057112856|78282051.0|78282051.0|education|0.007|SoFi
1670581692851|1581808146562|180|301741175033823471|686863.0|686863.0|renovations|0.018|Earnest
1670590385174|1665471809746|14293651161289|301741175033823496|42590196.0|42590196.0|funerals|0.064|TD Bank
1670669277082|1667498755565|14293651161467|302022650010534393|51378887.0|51378887.0|vacations|0.014|BlueVine
1670677712225|1665043171872|14293651161377|302022650010534272|35826430.0|35826430.0|renovations|0.092|Wells Fargo
1670711388919|1668182603629|14293651161171|302022650010533992|36633231.0|36633231.0|business ventures|0.062|Avant
1670779381362|1631258698654|8796093022240|302304124987244589|6338837.0|6338837.0|renovations|0.096|LendingClub
1670795499302|1669020072965|14293651161232|302304124987244729|7533130.0|7533130.0|weddings|0.044|BlueVine
1670918137113|1658493276102|13194139533386|302867074940665950|62086298.0|62086298.0|vacations|0.027|State Farm Bank
1670923589795|1667184741624|14293651161180|302867074940665965|9157100.0|9157100.0|medical expenses|0.051|Navy Federal Credit Union
1670931666616|1634578690884|8796093022480|302867074940666217|77747768.0|77747768.0|business ventures|0.079|Patch of Land
1670985175109|1666931331177|14293651161100|303148549917376524|50563675.0|50563675.0|renovations|0.04|BlueVine
1671020649055|1613384949359|5497558139219|303148549917376960|56483609.0|56483609.0|business ventures|0.076|Citibank
1671046013201|1578057732950|237|303148549917376836|25291639.0|25291639.0|vacations|0.035|Marcus by Goldman Sachs
1671056983122|1608591465121|4398046511285|303148549917376752|51859852.0|51859852.0|debt consolidation|0.031|Chase Bank
1671130630345|1668930308669|14293651161323|303430024894087488|58742672.0|58742672.0|education|0.079|Citibank
1671139251008|1640755050855|9895604650271|303430024894087549|50157064.0|50157064.0|other|0.039|Wells Fargo
1671163451218|1670433237170|15393162789205|303711499870798274|51692925.0|51692925.0|funerals|0.084|Prosper
1671176531376|1613384949359|5497558139219|303711499870798270|89563365.0|89563365.0|funerals|0.067|Prosper
1671176688948|1665645482046|14293651161421|303711499870798262|93250083.0|93250083.0|major purchases|0.002|State Farm Bank
1671257869817|1671200620394|15393162789019|303992974847508683|94614492.0|94614492.0|other|0.047|Best Egg
1671292486955|1667219597828|14293651161276|303992974847508734|19271814.0|19271814.0|vacations|0.075|Fundbox
1671367673510|1667219597828|14293651161276|304274449824219388|40616732.0|40616732.0|investing|0.025|SoFi
1671385914905|1671036023865|15393162789082|304274449824219422|54757401.0|54757401.0|medical expenses|0.05|LendingClub
1671391852030|1667184741624|14293651161180|304274449824219246|22521239.0|22521239.0|funerals|0.053|SunTrust
1671405488167|1670995439229|15393162789171|304274449824219537|17782377.0|17782377.0|investing|0.078|SoFi
1671428304108|1655395784231|12094627905722|304555924800930039|41659054.0|41659054.0|funerals|0.03|LendingPoint
1671462647806|1629111907256|7696581394815|304555924800930303|60414792.0|60414792.0|renovations|0.034|Bank of America
1671479942874|1658779002783|13194139533635|304555924800930212|33084068.0|33084068.0|investing|0.042|Bank of America
1671497721328|1668878351608|14293651161291|304837399777640716|75452812.0|75452812.0|funerals|0.08|Best Egg
1671506900307|1613384949359|5497558139219|304837399777640897|83283646.0|83283646.0|medical expenses|0.04|Chase Bank
1671561770388|1665471809746|14293651161289|304837399777640715|92575015.0|92575015.0|investing|0.077|TD Bank
1671590967880|1670433237170|15393162789205|305118874754351555|69356097.0|69356097.0|weddings|0.052|BlueVine
1671599077585|1649908331644|12094627905597|305118874754351186|29468293.0|29468293.0|investing|0.022|Earnest
1671610971765|1667989850211|14293651161300|305118874754351386|56391547.0|56391547.0|other|0.018|Upstart
1671620984087|1595215399594|2199023255588|305118874754351156|43478197.0|43478197.0|investing|0.003|Funding Circle
1671685799912|1668930308669|14293651161323|305400349731062081|82478950.0|82478950.0|funerals|0.012|Avant
1671727165564|1665181501889|14293651161423|305400349731062199|61865240.0|61865240.0|other|0.09|American Express
1671817658659|1667989850211|14293651161300|305681824707772695|51805436.0|51805436.0|education|0.067|RealtyMogul
1671835270252|1671036023865|15393162789082|305681824707772701|9952933.0|9952933.0|business ventures|0.092|US Bank
1671998549525|1671036023865|15393162789082|306244774661194015|71634298.0|71634298.0|medical expenses|0.024|State Farm Bank
1671999489300|1648719758743|10995116278005|306244774661194059|88247412.0|88247412.0|vacations|0.034|State Farm Bank
1672021069021|1671804229219|15393162789103|306526249637904709|39603793.0|39603793.0|funerals|0.036|LendingPoint
1672027305501|1665934048764|14293651161450|306526249637904862|2696119.0|2696119.0|weddings|0.05|Prosper
1672095920488|1615765971240|5497558138929|306526249637904454|53508140.0|53508140.0|business ventures|0.002|PNC Bank
1672139527313|1632927949703|8796093022598|306807724614615561|66694986.0|66694986.0|other|0.042|US Bank
1672183660269|1653010357855|12094627905538|306807724614615045|10516446.0|10516446.0|business ventures|0.015|State Farm Bank
1672234029959|1644367734126|10995116277986|307089199591325998|31552539.0|31552539.0|investing|0.019|Fundbox
1672267721006|1663324764831|14293651161127|307089199591325755|2456087.0|2456087.0|funerals|0.003|Upgrade
1672268354389|1668182603629|14293651161171|307089199591325797|30154367.0|30154367.0|business ventures|0.002|American Express
1672279356833|1666931331177|14293651161100|307370674568036365|80837517.0|80837517.0|renovations|0.096|Capital One
1672284186235|1650866479641|12094627905903|307370674568036840|37880941.0|37880941.0|major purchases|0.021|American Express
1672292120957|1670481981883|15393162788912|307370674568036419|24319243.0|24319243.0|other|0.036|PNC Bank
1672299916557|1667911767495|14293651161294|307370674568036624|99545891.0|99545891.0|weddings|0.036|Citibank
1672316366074|1672289581845|15393162788937|307370674568036443|84396897.0|84396897.0|debt consolidation|0.049|Patch of Land
1672340048528|1667184741624|14293651161180|307370674568036460|561708.0|561708.0|other|0.023|Rocket Loans
1672362655717|1668930308669|14293651161323|307652149544747327|44319065.0|44319065.0|debt consolidation|0.095|Prosper
1672434832997|1672289581845|15393162788937|307652149544747100|83425770.0|83425770.0|debt consolidation|0.027|Patch of Land
1672452416854|1670433237170|15393162789205|307933624521458116|86621033.0|86621033.0|investing|0.014|Patch of Land
1672491994037|1658038047825|13194139533678|307933624521458149|58580131.0|58580131.0|vacations|0.056|Avant
1672497600084|1672344757831|15393162789100|307933624521457986|87519648.0|87519648.0|renovations|0.07|Rocket Loans
1672516713123|1661484093806|13194139533495|307933624521457906|5780671.0|5780671.0|investing|0.05|LendingPoint
