createTime|dependencyTime|personId|personName|isBlocked|gender|birthday|country|city
1669778874263|0|30786325578345|De Clercq|false|female|597196800000|Norway|Oslo
1669794979056|0|30786325577996|Krieps|false|female|890784000000|India|Thane
1669856306174|0|30786325578501|Terzi|false|male|644284800000|Portugal|Faro
1669941679495|0|30786325578447|Olmedo|false|male|930182400000|India|Purulia
1670232656183|0|30786325578280|Milea|false|female|611884800000|India|Andhra_Pradesh
1670309119917|0|30786325578005|Bleasdale|false|female|751334400000|Thailand|Lampang
1670509475935|0|30786325578303|Agabayew|false|male|937353600000|Vietnam|Tam_Ká»³
1670638940676|0|30786325578096|Slewinski|false|male|908323200000|India|Vijayawada
1670714420228|0|30786325578436|Popplewell|false|male|667267200000|Hungary|Zalaegerszeg
1671039330654|0|30786325578328|Gemayel|false|female|891734400000|Philippines|Santa_Rosa
1671400023072|0|30786325578007|Rerrich|false|male|328406400000|Moldova|Ungheni
1671500834693|0|30786325578305|Machallem|false|male|936662400000|France|Lyon
1671511249815|0|30786325578380|Madejski|false|female|410400000000|Nepal|Lalitpur
1671685513632|0|30786325577806|Ha|false|female|685929600000|United_States|Cleveland
1672295188888|0|30786325578185|Lederer|false|female|588988800000|China|Yinchuan
