createTime|dependencyTime|personId|accountId|accountType|accountBlocked|nickname|phonenum|email|freqLoginType|lastLoginTime|accountLevel
1669691042376|1648723319502|21990232555853|4910612443694105302|merchant account|false|Kerry Oshea|627-0872|gmail.com|MAC|1746761883675|Basic level
1669721169460|1665252687368|28587302322496|4910612443694105274|retirement account|false|Michal Lupul|034-7619|hotmail.com|QRCode|1828506476163|Basic level
1669721632299|1583631704969|250|4910612443694105101|retirement account|false|Tyra Reuben|170-0517|hotmail.com|QRCode|1766755286705|Basic level
1669755307816|1630741286326|17592186044592|4910612443694104927|escrow account|false|Aubrey Hechmer|669-4828|yahoo.com|MAC|1806145316798|Basic level
1669831397184|1665129744260|28587302322619|4910893918670816194|corporate account|false|Dale Mcaboy|595-4761|gmail.com|IPv4|1739332409676|Platinum level
1669899508272|1662397293358|26388279066949|4911175393647526595|internet account|false|Ginette Eisenhardt|739-6070|yahoo.com|PHONE|1669956400218|Basic level
1669914755879|1650636142305|24189255811261|4911175393647526274|escrow account|false|Angel Branigan|883-5221|gmx.com|RFID|1875952886967|Diamond level
1669953459417|1666977342127|28587302322515|4911456868624237285|brokerage account|false|Taryn Brogren|334-6492|yahoo.com|WIFI|1721144777704|Basic level
1669960274955|1668964402722|28587302322648|4911456868624237569|certificate of deposit|false|Nova Sekel|777-1535|hotmail.com|PHONE|1730555594774|Basic level
1669978432191|1669941679495|30786325578447|4911456868624238133|brokerage account|false|Leeanna Mcfann|451-2579|gmail.com|IPv6|1672149219441|Elite level
1669994352485|1669243138426|28587302322710|4911456868624237703|trust account|false|Mia Westcote|196-7742|gmx.com|ATM|1704815214687|Basic level
1669999475512|1665934974377|28587302322571|4911456868624237408|credit card|false|Major Viebrock|749-3862|gmail.com|ATM|1690426412344|Basic level
1670000058946|1668172699694|28587302322411|4911456868624237040|internet account|false|Carmen Lute|139-4806|gmail.com|POS|1852958915179|Gold level
1670016863106|1643911411205|21990232556302|4911456868624238275|debit card|false|Laronda Alff|938-8071|yahoo.com|IPv4|1764223914201|Basic level
1670021929338|1669531079036|30786325578421|4911456868624238062|trust account|false|Joan Hartson|930-5015|gmail.com|MAC|1670938700661|Basic level
1670039605502|1611890036766|10995116278072|4911738343600947872|merchant account|false|Reina Kreuter|304-9424|gmail.com|NFC|1692728640885|Basic level
1670049522925|1668728884527|28587302322521|4911738343600947955|debit card|false|Jamie Praino|341-9028|ajman.ws|WIFI|1670162531388|Silver level
1670050405974|1651460576568|24189255811749|4911738343600948678|credit card|false|Matthew Viehman|099-7233|gmx.com|NFC|1723337960408|Basic level
1670054692523|1667670100475|28587302322457|4911738343600947804|custodial account|false|Man Rolek|521-7638|zoho.com|IPv4|1830944919873|Gold level
1670073458615|1636425128247|17592186044516|4911738343600947388|prepaid card|true|Vesta Dohrn|543-6167|gmx.com|MAC|1691524674648|Basic level
1670104752729|1614537414763|10995116278363|4911738343600948519|trust account|false|Demetrice Budziszewski|174-9925|gmail.com|PHONE|1860140199782|Silver level
1670106440204|1667141639741|28587302322898|4911738343600948795|custodial account|false|Miles Avelino|159-2829|gmail.com|IPv6|1743589268513|Gold level
1670130315040|1643365159380|21990232556070|4912019818577659061|merchant account|false|Dallas Kastein|425-1902|gmail.com|IPv4|1670791920577|Basic level
1670138203420|1601873449653|6597069766951|4912019818577658491|custodial account|false|Bree Boni|656-4843|gmail.com|POS|1670193684701|Gold level
1670239539476|1669243138426|28587302322710|4912301293554369673|escrow account|false|Carissa Moes|366-1353|yahoo.com|POS|1693619491220|Basic level
1670246159553|1650174643976|24189255811388|4912301293554369196|escrow account|false|Phylicia Deuschel|576-6457|gmail.com|QRCode|1751838531802|Silver level
1670248148574|1623580739000|15393162789064|4912301293554368920|trust account|false|Marcelina Casley|836-6669|yahoo.com|PHONE|1841194248888|Gold level
1670251551891|1644959620217|21990232555725|4912301293554368932|certificate of deposit|false|Nelson Didio|716-3676|gmail.com|ATM|1753226981609|Basic level
1670278009490|1670232656183|30786325578280|4912301293554369723|debit card|false|Rosario Pardee|951-5390|gmail.com|RFID|1682112529384|Silver level
1670285030031|1661468395170|26388279067387|4912582768531080855|escrow account|false|Shaun Tarran|143-8899|hotmail.com|PHONE|1731770895208|Silver level
1670314008340|1648723319502|21990232555853|4912582768531079893|corporate account|false|Victor Schmits|843-0660|gmail.com|IPv6|1765657751476|Basic level
1670339646783|1666388312380|28587302322578|4912582768531080046|prepaid card|false|Vickie Nolen|004-0038|yahoo.com|NFC|1703145430254|Basic level
1670362619787|1646342132411|21990232555601|4912582768531079324|retirement account|false|Shandra Dekenipp|692-3710|gmail.com|ATM|1777344432806|Basic level
1670365816825|1669356426691|30786325578193|4912582768531080177|retirement account|false|Salvador Ennist|882-6719|hotmail.com|PHONE|1755961605025|Elite level
1670383594257|1665410880329|28587302322889|4912864243507791391|prepaid card|false|Russell Earlgy|199-4828|gmail.com|POS|1671027679780|Basic level
1670385159065|1659990131936|26388279066759|4912864243507790090|brokerage account|false|Dean Brilowski|241-1158|gmx.com|QRCode|1671030205646|Gold level
1670391292054|1645536438866|21990232555996|4912864243507790855|trust account|false|Kent Remson|494-6819|yahoo.com|IPv6|1886860351744|Diamond level
1670398734812|1648965150022|21990232555817|4912864243507790466|escrow account|false|Joleen Lierman|259-4197|zoho.com|ATM|1831894722360|Basic level
1670422902378|1587888003006|2199023256252|4912864243507791359|retirement account|false|Neda Maddocks|537-7402|gmail.com|MAC|1839382049027|Silver level
1670435041789|1667071881193|28587302322878|4912864243507791364|merchant account|false|Lupe Vivian|344-0586|yahoo.com|POS|1819046540136|Basic level
1670482224119|1579234158151|354|4913145718484501255|corporate account|false|Rachel Chicas|592-7243|gmx.com|WIFI|1851447850633|Basic level
1670523770642|1667685764163|28587302322445|4913145718484501052|trust account|false|Julian Chandrasekara|377-3005|gmx.com|RFID|1682280779895|Basic level
1670524823395|1667688103382|28587302322196|4913145718484500522|trust account|false|Sherrill Salceda|162-9053|darkfear.com|NFC|1812747571214|Basic level
1670524836832|1650596021562|24189255811412|4913145718484501224|brokerage account|false|Michale Beedle|378-9094|gmx.com|IPv6|1707932738155|Basic level
1670526707253|1668432841172|28587302322691|4913145718484501603|brokerage account|false|Eveline Soro|154-4588|pisem.net|ATM|1862718748910|Basic level
1670547738252|1590684001346|2199023255746|4913427193461211536|trust account|false|Erwin Sabater|927-1098|yahoo.com|WIFI|1880926486764|Silver level
1670549282181|1669356426691|30786325578193|4913427193461212143|prepaid card|false|Meta Mazzarino|437-6255|gmx.com|POS|1840153674316|Basic level
1670549299144|1668964402722|28587302322648|4913427193461212159|trust account|false|Chris Kedley|110-6849|gmx.com|RFID|1671029175014|Basic level
1670549986766|1670309119917|30786325578005|4913427193461211732|escrow account|false|Isiah Enget|893-6519|hotmail.com|NFC|1843795067811|Silver level
1670554243014|1643244286876|21990232555887|4913427193461211943|escrow account|false|Jean Laraway|952-7091|gmx.com|QRCode|1672151407031|Silver level
1670557865617|1623335814030|13194139533372|4913427193461211243|foreign currency|false|Alfred Copeman|400-5812|gmail.com|WIFI|1671623362552|Gold level
1670568410278|1639506479532|19791209300551|4913427193461212410|merchant account|true|Neil Spagnolia|636-3988|zoho.com|IPv4|1670825591669|Basic level
1670570801578|1667101566091|28587302322665|4913427193461212200|retirement account|true|Landon Maffett|738-7200|gmx.com|RFID|1824966618686|Silver level
1670582629885|1648621090436|21990232556159|4913427193461212531|certificate of deposit|false|Monty Bernarducci|036-1730|gmail.com|NFC|1793757018567|Basic level
1670585242442|1646645045461|21990232556146|4913427193461212492|escrow account|false|Sasha Orendorff|157-9456|gmail.com|ATM|1825925125205|Gold level
1670633623261|1614905106916|10995116277894|4913708668437922053|merchant account|false|Minnie Rigley|910-1689|zoho.com|MAC|1670842758741|Basic level
1670648446150|1630283441193|17592186044846|4913708668437922727|trust account|false|Grover Reckling|474-5849|gmail.com|IPv4|1766792416509|Basic level
1670651916264|1662128348837|26388279067416|4913708668437923544|foreign currency|false|Ronny Waker|126-6493|gmail.com|IPv4|1755913802982|Basic level
1670666433295|1664034427327|28587302322685|4913708668437922905|credit card|false|Micah Kempker|534-6149|yahoo.com|IPv6|1803162682444|Platinum level
1670667867195|1665678155935|28587302322416|4913708668437922297|credit card|false|Kasey Doepner|451-0979|yahoo.com|MAC|1749252207589|Basic level
1670674321245|1605371417848|8796093022559|4913708668437922557|merchant account|true|Samantha Haley|652-3186|gmail.com|PHONE|1684816276698|Basic level
1670702414325|1593261087738|4398046511553|4913708668437922768|escrow account|false|Brigida Alexandra|681-7693|gmx.com|QRCode|1670763651854|Basic level
1670703151060|1605906099836|8796093022354|4913708668437922081|prepaid card|false|Euna Vinning|209-1664|yahoo.com|IPv6|1680261759812|Basic level
1670717542182|1665639726086|28587302322459|4913990143414633055|escrow account|false|Jerry Fellman|530-9291|gmail.com|IPv6|1837316595102|Basic level
1670725103236|1645589323888|21990232556126|4913990143414633773|escrow account|false|Shaun Leh|220-6183|hotmail.com|NFC|1837967411605|Basic level
1670736670306|1630096289014|15393162789600|4913990143414634080|credit card|false|Tiesha Castelhano|246-6993|gmail.com|POS|1808624233929|Silver level
1670767555950|1658556280189|26388279066810|4913990143414632825|foreign currency|false|Sharee Lummus|435-2161|gmail.com|NFC|1670907262979|Silver level
1670787423591|1668690050122|28587302322731|4913990143414633665|internet account|true|Bernice Gusciora|543-1349|gmail.com|WIFI|1861839465721|Basic level
1670805137302|1653659064593|24189255811533|4914271618391344104|trust account|false|Dwight Calligy|085-6633|gmail.com|QRCode|1795487466527|Basic level
1670807443871|1668172699694|28587302322411|4914271618391343599|certificate of deposit|false|Mechelle Breaud|530-0547|gmail.com|IPv6|1873428730111|Basic level
1670828668029|1665737338190|28587302322536|4914271618391343892|escrow account|false|Eldridge Urenio|757-4937|zoho.com|POS|1854420257910|Basic level
1670830352824|1670509475935|30786325578303|4914271618391344359|retirement account|false|Raleigh Wadden|873-2364|gmail.com|WIFI|1829970666094|Basic level
1670833524860|1639506479532|19791209300551|4914271618391344379|brokerage account|false|Sam Daiz|563-8402|gmail.com|POS|1676353349509|Basic level
1670834605333|1652911513558|24189255811106|4914271618391343173|merchant account|false|Jude Shalla|281-1325|gmail.com|RFID|1718831212345|Basic level
1670835821383|1656698770297|26388279066886|4914271618391343658|brokerage account|false|Al Norrid|815-9553|gmail.com|WIFI|1786373812299|Silver level
1670835920661|1670638940676|30786325578096|4914271618391343913|retirement account|false|Ezequiel Settle|373-1544|gmail.com|QRCode|1757602844771|Gold level
1670859125752|1658812024062|26388279066852|4914271618391343577|merchant account|false|Donnie Polanski|060-7414|gmail.com|RFID|1743480943910|Basic level
1670873148959|1660551628263|26388279066981|4914271618391343887|escrow account|false|Liberty Searing|899-0209|yahoo.com|WIFI|1870802787295|Basic level
1670879724769|1667634016408|28587302322737|4914271618391344332|foreign currency|false|Bethann Vories|907-1398|gmx.com|PHONE|1876738646618|Basic level
1670883056533|1669243138426|28587302322710|4914271618391344264|trust account|false|Annabelle Mcnicol|075-9390|yahoo.com|RFID|1875184154727|Basic level
1670905838584|1664465540607|28587302322699|4914553093368054897|retirement account|false|Clarice Efford|015-5073|gmail.com|POS|1706475007838|Gold level
1670918560959|1654670710020|24189255811256|4914553093368054131|brokerage account|false|Juana Shebby|278-9236|yahoo.com|RFID|1678915953780|Silver level
1670926184027|1658178889575|26388279067009|4914553093368054606|internet account|false|Dreama Dorsette|163-3573|gmail.com|IPv6|1671911507628|Basic level
1670945418120|1631962987926|17592186044635|4914553093368054207|brokerage account|false|Anibal Eichner|081-2872|gmx.com|PHONE|1772919763964|Platinum level
1670965817892|1667447129959|28587302322663|4914553093368054816|custodial account|false|Granville Savilla|218-2003|gmail.com|POS|1705383301398|Basic level
1670969764492|1659990131936|26388279066759|4914553093368054025|debit card|false|Anibal Percell|435-9650|gmx.com|IPv4|1831767118998|Basic level
1670995206179|1665592555428|28587302322700|4914834568344765557|prepaid card|false|Micheal Befort|265-4529|gmail.com|QRCode|1692753564937|Basic level
1671006524890|1662107892461|26388279067033|4914834568344765304|corporate account|false|Barrett Hallan|250-4605|hotmail.com|IPv4|1882683983252|Basic level
1671008502988|1668690050122|28587302322731|4914834568344765636|prepaid card|false|Elena Zaner|948-1907|gmail.com|QRCode|1755290598540|Basic level
1671014883538|1669778874263|30786325578345|4914834568344765761|custodial account|true|Katrina Murri|527-8393|gmail.com|POS|1871325073087|Basic level
1671019055824|1630741286326|17592186044592|4914834568344764768|prepaid card|false|Wes Burner|388-5618|gmail.com|IPv6|1691388566779|Basic level
1671022234318|1658919186752|26388279066896|4914834568344764995|prepaid card|false|Jerilyn Okojie|966-6975|gmail.com|RFID|1753874078004|Basic level
1671025863885|1613768975044|10995116278549|4914834568344766160|corporate account|false|Leonardo Behun|345-5388|gmail.com|NFC|1715711141514|Basic level
1671026643335|1655253720951|24189255811396|4914834568344765120|trust account|false|Larhonda Kueter|182-7143|gmx.com|IPv4|1706689508103|Basic level
1671039295406|1594666850160|4398046511778|4914834568344765887|debit card|false|Clifton Torgerson|632-4771|gmx.com|ATM|1748452323343|Basic level
1671046776840|1589687395675|2199023255560|4914834568344764433|retirement account|false|Kacie Sanpson|529-5053|gmx.com|PHONE|1671310387314|Platinum level
1671075745939|1627176283328|15393162789129|4915116043321475634|prepaid card|false|Errol Witthoeft|258-9303|gmail.com|NFC|1760231076306|Gold level
1671092954437|1617282282148|13194139533795|4915116043321476121|prepaid card|false|Rosendo Tacata|677-8635|ajman.us|RFID|1723652793392|Basic level
1671096384207|1649501284928|21990232555826|4915116043321475732|prepaid card|false|Olen Mausey|289-3696|gmail.com|ATM|1839666771803|Basic level
1671103573215|1627694427865|15393162789098|4915116043321475565|brokerage account|false|Belva Linebarger|423-5316|gmail.com|RFID|1795826357826|Basic level
1671108310899|1647159332196|21990232555659|4915116043321475347|custodial account|false|Stormy Zourkos|610-3251|yahoo.com|QRCode|1745970229768|Basic level
1671108696268|1627694427865|15393162789098|4915116043321475564|retirement account|false|Kelly Sawdey|785-7598|gmx.com|RFID|1754327932135|Basic level
1671110893319|1601397608847|6597069767047|4915116043321475930|credit card|false|Andree Tucciarone|986-5757|yahoo.com|POS|1672324363776|Basic level
1671119267820|1670638940676|30786325578096|4915116043321475882|retirement account|false|Maud Liskey|374-5824|yahoo.com|PHONE|1810811821825|Basic level
1671122220657|1584647109270|2199023255803|4915116043321475601|retirement account|false|Lowell Wiuff|829-2284|yahoo.com|NFC|1681971018478|Diamond level
1671156074977|1658998550355|26388279067293|4915397518298187189|trust account|false|Miguelina Wolever|926-2322|zoho.com|MAC|1671925022090|Gold level
1671158293740|1637901253889|19791209300659|4915397518298187239|debit card|false|Juliane Cunningham|046-6183|gmx.com|PHONE|1854048828868|Basic level
1671167563840|1670309119917|30786325578005|4915397518298186322|foreign currency|false|Danilo Rue|858-2289|hotmail.com|WIFI|1707682690988|Basic level
1671174804081|1621791820120|13194139533676|4915397518298186526|merchant account|false|Steven Trell|734-2244|yahoo.com|IPv6|1790364759340|Silver level
1671188218654|1619280876544|13194139533817|4915397518298186832|brokerage account|true|Leonardo Furbeck|036-3732|gmail.com|RFID|1697928485636|Basic level
1671199022294|1588282295365|2199023256133|4915397518298186997|merchant account|false|Robt Boshes|857-4081|gmx.com|IPv6|1749083792050|Basic level
1671203443123|1637744424351|19791209300070|4915397518298185924|corporate account|false|Rocco Raspa|938-2900|hotmail.com|WIFI|1678720815198|Silver level
1671235464155|1657391727828|26388279066799|4915678993274896732|debit card|false|Janay Casavant|186-0435|gmail.com|QRCode|1674195896365|Basic level
1671253548707|1611487293766|10995116278290|4915678993274897538|retirement account|false|Lavern Kindla|786-8333|gmx.com|IPv4|1845179627563|Basic level
1671253936581|1661487120763|26388279066700|4915678993274896523|credit card|false|Judith Bray|704-4407|zoho.com|PHONE|1678816298113|Silver level
1671279480543|1654003132912|24189255811812|4915678993274898025|internet account|false|Shawna Kyger|374-2131|gmail.com|RFID|1699505601221|Basic level
1671293866274|1667447129959|28587302322663|4915678993274897441|prepaid card|false|Alphonse Stagnitta|285-9478|zoho.com|NFC|1809439626218|Basic level
1671345623465|1670714420228|30786325578436|4915960468251608596|brokerage account|true|Colton Whigum|835-3297|yahoo.com|POS|1708281139009|Platinum level
1671349118116|1669356426691|30786325578193|4915960468251608048|corporate account|false|Clint Vidana|581-1095|gmail.com|QRCode|1829291285780|Silver level
1671351214637|1662397293358|26388279066949|4915960468251607746|escrow account|false|Zack Ronhaar|122-0375|gmail.com|IPv6|1671627974788|Silver level
1671357959948|1658178889575|26388279067009|4915960468251607885|internet account|false|Luann Kliethermes|231-1511|gmail.com|RFID|1694170881667|Basic level
1671365047457|1668395318781|28587302322863|4915960468251608542|escrow account|false|Chaya Seilhymer|890-7424|gmail.com|IPv6|1871136958082|Basic level
1671367974527|1663145933735|28587302322181|4915960468251607050|certificate of deposit|false|Isaac Preziosi|579-2845|gmail.com|NFC|1730772005493|Basic level
1671373795157|1669778874263|30786325578345|4915960468251608384|internet account|false|Prudence Bastick|006-1755|gmail.com|RFID|1886586310823|Basic level
1671378132267|1668961950682|28587302322408|4915960468251607524|custodial account|false|Noelia Tatman|905-4053|yahoo.com|POS|1696732449086|Basic level
1671384721446|1668520628882|28587302322628|4915960468251608020|escrow account|false|Trent Mavropoulos|526-2513|gmail.com|IPv6|1748324195492|Basic level
1671394606523|1654452179941|24189255811621|4915960468251608241|brokerage account|false|Evan Wittstock|111-1972|gmail.com|RFID|1746290350974|Basic level
1671396250358|1668995288951|28587302322489|4915960468251607716|debit card|false|Elda Orleans|163-0482|hotmail.com|ATM|1774049232191|Basic level
1671416109176|1667033156892|28587302322858|4916241943228319188|merchant account|false|Particia Zaidi|376-3878|gmx.com|IPv4|1890988430005|Basic level
1671436903218|1607190295578|8796093022430|4916241943228318150|certificate of deposit|false|Matthew Planck|977-2231|gmail.com|PHONE|1811782572589|Basic level
1671461536829|1668964402722|28587302322648|4916241943228318718|corporate account|false|Ellsworth Samora|105-9748|gmail.com|WIFI|1671669078705|Basic level
1671466052735|1653892120437|24189255811083|4916241943228317721|brokerage account|false|Soraya Vivolo|093-9392|gmail.com|WIFI|1680853184074|Silver level
1671469494918|1578542222637|310|4916241943228318364|corporate account|false|Antone Mongolo|086-2401|gmx.com|IPv4|1671537637754|Silver level
1671479169313|1668964402722|28587302322648|4916241943228318720|internet account|false|Lyndsay Wightman|106-5650|gmail.com|ATM|1754323938082|Basic level
1671490530666|1669061021821|28587302322435|4916241943228318241|trust account|false|Ray Berrett|936-8682|gmail.com|RFID|1706867075013|Diamond level
1671518348227|1669794979056|30786325577996|4916523418205028922|custodial account|false|Carole Makos|522-3500|yahoo.com|WIFI|1841768563011|Silver level
1671530044556|1665550459834|28587302322770|4916523418205029654|certificate of deposit|false|Angel Schmitke|490-9409|yahoo.com|QRCode|1712951229994|Basic level
1671536273423|1644736076960|21990232555685|4916523418205028680|foreign currency|false|Glenn Munce|937-1020|gmail.com|QRCode|1745062880843|Basic level
1671539666308|1665772887723|28587302322451|4916523418205028940|debit card|false|Lavern Pittinger|836-8461|gmail.com|NFC|1671869108457|Gold level
1671559706717|1664690379488|28587302322848|4916523418205029820|internet account|false|Beatriz Calkins|203-9627|hotmail.com|QRCode|1824278898229|Silver level
1671581493457|1671400023072|30786325578007|4916804893181739607|certificate of deposit|false|Edythe Ahia|588-7221|yahoo.com|IPv6|1699318562674|Basic level
1671587190201|1670714420228|30786325578436|4916804893181740565|brokerage account|false|Billie Tizon|511-7232|gmail.com|ATM|1766051778104|Basic level
1671608611393|1653659064593|24189255811533|4916804893181740010|trust account|false|Fredericka Condict|956-5292|gmail.com|WIFI|1755556086622|Basic level
1671616199778|1658429191033|26388279067144|4916804893181740140|brokerage account|false|Albertine Sandall|180-0594|gmx.com|RFID|1792879246369|Basic level
1671621278756|1666198469934|28587302322337|4916804893181739330|debit card|false|Mica Leibe|611-8023|gmail.com|MAC|1739248036259|Silver level
1671632159111|1651822611881|24189255811445|4916804893181739831|corporate account|false|Ronnie Azzopardi|896-9952|gmail.com|WIFI|1732475649939|Basic level
1671645393136|1670638940676|30786325578096|4916804893181739820|internet account|false|Refugio Demaio|806-9736|yahoo.com|POS|1843038748547|Silver level
1671651660753|1660761023746|26388279067127|4916804893181740110|debit card|false|Ellsworth Dames|122-0889|gmail.com|IPv6|1777284020927|Basic level
1671670688538|1669856306174|30786325578501|4917086368158451375|custodial account|false|Brandee Delagol|020-0439|gmail.com|MAC|1888329270673|Silver level
1671675856740|1663907223078|28587302322297|4917086368158449901|retirement account|false|Jarred Dannelley|560-6657|gmx.com|NFC|1751973855365|Silver level
1671729285499|1661449965282|26388279067421|4917086368158451428|trust account|false|Lia Starrs|329-8761|yahoo.com|IPv6|1712208359708|Basic level
1671730053667|1657523500593|26388279066933|4917086368158450330|retirement account|false|Rudy Privett|031-9155|gmail.com|POS|1725682055322|Basic level
1671771001956|1649161481901|21990232555635|4917367843135160544|corporate account|false|Norberto Stoglin|911-5166|gmx.com|PHONE|1795534124621|Gold level
1671777280238|1645166183831|21990232555584|4917367843135160434|credit card|false|Melva Visconti|265-1310|gmail.com|ATM|1761683914205|Gold level
1671798002827|1669061021821|28587302322435|4917367843135160866|debit card|false|Janene Alquicira|626-5323|gmail.com|MAC|1855585618519|Basic level
1671800023972|1665737338190|28587302322536|4917367843135161107|brokerage account|false|Doretha Raniero|071-1204|gmx.com|POS|1855031942854|Gold level
1671810353264|1669856306174|30786325578501|4917367843135162030|prepaid card|false|Claud Loeser|567-9729|yahoo.com|NFC|1836212923675|Basic level
1671820212314|1670232656183|30786325578280|4917367843135161532|debit card|false|Daryl Malesky|008-6865|gmail.com|MAC|1785728408957|Basic level
1671820403874|1632528426164|17592186045162|4917367843135161975|certificate of deposit|false|Jackson Owers|035-9127|e-mail.ru|IPv4|1879495705111|Gold level
1671842851722|1668599084291|28587302322800|4917649318111872329|custodial account|false|Noel Houey|956-8232|gmail.com|RFID|1852134824876|Silver level
1671858574931|1639545007352|19791209300660|4917649318111872492|merchant account|false|Domenica Tawney|944-1318|gmx.com|QRCode|1877154974575|Silver level
1671859407457|1670714420228|30786325578436|4917649318111872530|prepaid card|false|Gisela Balasco|183-5167|yahoo.com|IPv4|1829876021148|Silver level
1671863974032|1668759493433|28587302322328|4917649318111871275|brokerage account|false|Van Bussing|838-5232|yahoo.com|NFC|1758488723584|Basic level
1671867869295|1667670100475|28587302322457|4917649318111871579|merchant account|false|Oma Eary|431-1978|zoho.com|RFID|1696225093462|Basic level
1671871697845|1671511249815|30786325578380|4917649318111872400|trust account|false|Kenyetta Haimes|614-8720|hotmail.com|POS|1799908153752|Basic level
1671874699363|1644736076960|21990232555685|4917649318111871305|prepaid card|false|Sigrid Goodpaster|870-1344|gmail.com|ATM|1719704966047|Basic level
1671894712668|1670232656183|30786325578280|4917649318111872186|escrow account|false|Patrice Rudack|153-2901|yahoo.com|IPv6|1706609442149|Gold level
1671902277731|1649681232368|21990232556274|4917649318111872650|retirement account|false|Shirly Santangelo|384-9772|gmail.com|ATM|1813405992719|Basic level
1671910693098|1669941679495|30786325578447|4917649318111872567|brokerage account|false|Jerrod Kovach|630-8194|hotmail.com|WIFI|1699426774572|Basic level
1671954060194|1669941679495|30786325578447|4917930793088583222|custodial account|false|Brittni Hubert|758-9737|gmail.com|QRCode|1889693356331|Silver level
1671967597400|1670714420228|30786325578436|4917930793088583187|escrow account|false|Shellie Auvil|126-7355|yahoo.com|RFID|1787092914209|Gold level
1671994212845|1671685513632|30786325577806|4917930793088581778|internet account|false|Alvin Fredeen|154-9034|gmx.com|IPv4|1672008058076|Gold level
1672012302150|1669158882951|28587302322347|4917930793088581975|escrow account|false|Jody Chautin|267-5157|yahoo.com|QRCode|1842523240872|Basic level
1672030929097|1648621090436|21990232556159|4918212268065293682|debit card|false|Kris Jessup|264-8289|hotmail.com|ATM|1790766533993|Basic level
1672034747133|1671039330654|30786325578328|4918212268065293597|prepaid card|false|Teddy Ulrey|755-0758|gmail.com|QRCode|1685241739499|Basic level
1672037369883|1651936971478|24189255811568|4918212268065293371|brokerage account|true|Elena Vertucci|248-7715|gmx.com|RFID|1672406754362|Basic level
1672037868064|1669856306174|30786325578501|4918212268065294000|brokerage account|false|Octavio Hearne|581-1646|gmail.com|MAC|1672038938544|Basic level
1672048808688|1617624147191|13194139534039|4918212268065293897|debit card|false|Chandra Safier|588-1955|gmail.com|IPv6|1732977163265|Basic level
1672051122539|1667369274742|28587302322819|4918212268065293694|credit card|false|Francina Laffoon|480-6366|gmx.com|RFID|1824817249782|Basic level
1672051343576|1667688103382|28587302322196|4918212268065292331|certificate of deposit|false|Janene Akins|199-0493|gmail.com|PHONE|1798000892968|Basic level
1672064276325|1671511249815|30786325578380|4918212268065293710|custodial account|false|Thersa Carlyle|247-7790|gmail.com|RFID|1749287019393|Basic level
1672067222015|1668995288951|28587302322489|4918212268065292962|debit card|false|Francis Featheroff|312-1291|gmx.com|RFID|1720538848667|Basic level
1672068373771|1669941679495|30786325578447|4918212268065293876|trust account|false|Hilton Swofford|055-9312|gmail.com|MAC|1716607008849|Gold level
1672073923437|1644840060276|21990232556286|4918212268065293980|debit card|false|Santiago Lieberg|700-1607|gmx.com|ATM|1690990390441|Basic level
1672110697785|1671500834693|30786325578305|4918493743042004202|retirement account|false|Rolando Debey|585-2577|gmx.com|WIFI|1807732455899|Silver level
1672114341793|1613944028642|10995116277985|4918493743042003406|prepaid card|false|Soledad Alsbrook|543-1794|hotmail.com|QRCode|1854308151878|Silver level
1672155451488|1629438121764|15393162789392|4918493743042004095|foreign currency|false|David Astolfi|809-3877|yahoo.com|IPv4|1707605292617|Basic level
1672173125071|1660761023746|26388279067127|4918493743042004045|foreign currency|false|Stephan Dickus|577-0465|yahoo.com|ATM|1826794050821|Silver level
1672191696165|1656060893762|24189255811232|4918775218018713921|credit card|false|Lucina Seiters|442-2766|gmx.com|MAC|1764315732559|Basic level
1672198536845|1644709521716|21990232556250|4918775218018715219|custodial account|false|Teena Himmel|558-5072|hotmail.com|PHONE|1816372067341|Basic level
1672217898943|1665550459834|28587302322770|4918775218018714900|foreign currency|false|Ervin Rosander|772-6497|zoho.com|RFID|1773879521792|Silver level
1672220345062|1591867385629|4398046511741|4918775218018714988|trust account|false|Eula Lahmers|823-1520|gmail.com|POS|1681081942503|Basic level
1672231464630|1670638940676|30786325578096|4918775218018714411|debit card|false|Vance Sanke|772-9868|gmail.com|NFC|1836900740438|Basic level
1672266856865|1661807634455|26388279067160|4918775218018714766|brokerage account|false|Elinor Strock|711-7784|gmx.com|ATM|1672378552273|Basic level
1672269106967|1663055608861|28587302322302|4918775218018713846|foreign currency|false|Terese Atha|022-1672|gmail.com|IPv4|1672381766708|Basic level
1672277883277|1601397608847|6597069767047|4919056692995425112|trust account|false|Babette Byford|947-4029|hotmail.com|IPv6|1878332146970|Basic level
1672283363735|1667835589561|28587302322854|4919056692995425737|brokerage account|false|Cythia Melendes|483-6329|gmail.com|WIFI|1759813647695|Basic level
1672301599566|1671511249815|30786325578380|4919056692995425679|brokerage account|false|Deb Hightree|916-1238|yahoo.com|ATM|1711262592398|Silver level
1672313389304|1645285111085|21990232555890|4919056692995425071|internet account|false|Emmanuel Hachette|185-9298|gmail.com|MAC|1874158543558|Basic level
1672346661685|1669243138426|28587302322710|4919056692995425418|trust account|false|Lawerence Hibma|412-0249|hotmail.com|PHONE|1883381434131|Basic level
1672351252953|1671400023072|30786325578007|4919056692995424854|certificate of deposit|false|Ellis Simpson|999-3568|gmx.com|PHONE|1742879133530|Basic level
1672354590797|1671500834693|30786325578305|4919056692995425513|corporate account|false|Herbert Pfefferle|280-3023|gmail.com|MAC|1803285013373|Basic level
1672369131373|1672295188888|30786325578185|4919338167972135903|corporate account|false|Timothy Bottex|760-3790|gmail.com|MAC|1691178082340|Basic level
1672371853390|1602193063268|6597069767315|4919338167972136348|trust account|true|Shella Barbar|602-2698|hotmail.com|IPv4|1673028635658|Gold level
1672426807292|1606102708366|8796093022813|4919338167972136235|debit card|false|Alyssa Wielock|067-7385|yahoo.com|WIFI|1699687195302|Gold level
1672428015331|1670309119917|30786325578005|4919338167972135507|corporate account|false|Josef Bevelle|172-3493|hotmail.com|MAC|1892224592494|Basic level
1672440156531|1667447129959|28587302322663|4919338167972135967|foreign currency|true|Jeana Yonek|121-7001|gmx.com|PHONE|1817562737692|Basic level
